Date,Open,High,Low,Close,Volume,Dividends,Stock Splits,symbol,SMA_20,SMA_50,EMA_20,RSI_14,MACD,MACD_signal,MACD_diff,BB_upper,BB_lower,BB_width,ATR_14,daily_return,volatility_20,price_vs_SMA20,future_return,signal_label,predicted_signal,position,strategy_return,buyhold_return,strategy_equity,buyhold_equity
2025-11-24 00:00:00+05:30,490.51044698770306,508.5857941003241,486.99443265326596,502.0489501953125,486338,0.0,0.0,HAPPSTMNDS.NS,501.4961242675781,513.9170574951172,500.6009949320885,48.93459661717841,-3.9386460278944355,-4.980856696621233,1.0422106687267974,514.0739225872125,488.9183259479438,25.15559663926865,10.516549075732618,0.020124767805927535,0.009424247339126883,0.0011023533403010097,-0.019037282522670118,Sideways,Sideways,0,0.0,0.020124767805927535,1.0,1.0201247678059275
2025-11-25 00:00:00+05:30,504.6735839127201,504.6735839127201,492.0951413096632,493.0855712890625,154587,0.0,0.0,HAPPSTMNDS.NS,500.7246780395508,512.5652459716797,499.88524029941937,42.312024791939365,-4.10990959569466,-4.806667276435919,0.6967576807412588,513.3783915571956,488.07096452190586,25.307427035289777,10.663827184827213,-0.017853595556295843,0.010088891698078549,-0.015256101976833046,-0.008436305580318826,Sideways,Sideways,0,-0.0,-0.017853595556295843,1.0,1.0019118727845604
2025-11-26 00:00:00+05:30,495.21499120497595,498.5824471000649,491.2532712753361,495.8587646484375,142388,0.0,0.0,HAPPSTMNDS.NS,500.1140563964844,511.2265386962891,499.50176642789734,44.801078875252955,-3.9760304751812328,-4.640539916184982,0.6645094410037489,512.4658248359999,487.7622879569688,24.703536879031105,10.425637801963038,0.005624162459520132,0.010213672543629726,-0.008508642565873699,-0.006990885200297892,Sideways,Sideways,0,0.0,0.005624162459520132,1.0,1.0075467879272229
2025-11-27 00:00:00+05:30,500.1671347562963,500.1671347562963,491.4513631121388,492.4913024902344,203327,0.0,0.0,HAPPSTMNDS.NS,499.0198226928711,509.8441259765625,498.834103195739,42.40827605739063,-4.094457997653535,-4.531323532478693,0.43686553482515755,509.9155831550692,488.124062230673,21.791520924396195,10.303504504976932,-0.006791171999532275,0.009762905940535523,-0.013082687111319049,0.027752648957070525,Up,Sideways,0,-0.0,-0.006791171999532275,1.0,1.0007043643928328
2025-11-28 00:00:00+05:30,495.21500775985197,504.1288778995293,492.2437177132928,494.0760192871094,407923,0.0,0.0,HAPPSTMNDS.NS,498.0442352294922,508.4027764892578,498.3809523472981,43.92607081419212,-4.014166448869446,-4.427892115756843,0.4137256668873972,506.83933281571507,489.2491376432693,17.59019517244576,10.416479910781186,0.003217755905255748,0.009835625171313709,-0.007967597377277766,0.011726953184281852,Sideways,Sideways,0,0.0,0.003217755905255748,1.0,1.003924386770773
2025-12-01 00:00:00+05:30,493.77884936078357,495.4625923996777,491.2532650279663,492.4913024902344,145283,0.0,0.0,HAPPSTMNDS.NS,497.27509155273435,506.93170288085935,497.820033313292,42.71378313561219,-4.031930632919,-4.3486998191892745,0.3167691862702746,505.13822570905904,489.41195739640966,15.726268312649381,9.973111872276204,-0.00320743516182298,0.009600854057058232,-0.00962000539291575,-0.011261897805515009,Sideways,Sideways,0,-0.0,-0.00320743516182298,1.0,1.0007043643928328
2025-12-02 00:00:00+05:30,492.4913046847466,494.7692815352608,486.6972832904095,488.9257507324219,190468,0.0,0.0,HAPPSTMNDS.NS,496.49760284423826,505.38833190917967,496.97295878178056,40.03647166888007,-4.284331992750026,-4.335826253901425,0.0514942611513991,504.43384719123964,488.5613584972369,15.872488694002755,9.837318041745856,-0.007239826855385378,0.009617237461046266,-0.015250531056827343,-0.0020257012010209685,Sideways,Sideways,0,-0.0,-0.007239826855385378,1.0,0.9934594380612003
2025-12-03 00:00:00+05:30,491.05518639190944,498.4834114597108,490.31236388512934,492.39227294921875,346932,0.0,0.0,HAPPSTMNDS.NS,496.0345764160156,503.78918395996095,496.5367029882033,43.72934775407418,-4.156726362870245,-4.300006275695189,0.14327991282494423,503.7922779111428,488.2768749208885,15.515402990254302,9.817342519284647,0.007090079038798658,0.009751713706444308,-0.007342841890405112,-0.014683685049188933,Sideways,Sideways,0,0.0,0.007090079038798658,1.0,1.0005031439988947
2025-12-04 00:00:00+05:30,493.2341412793414,514.9245825160215,490.5599681821952,506.15924072265625,1091850,0.0,0.0,HAPPSTMNDS.NS,496.55950317382815,502.79637268066404,497.45313515338927,55.460739747722144,-2.9111606895806403,-4.022237158472279,1.111076468891639,505.4787828344974,487.6402235131589,17.838559321338494,10.85643336318048,0.027959349749701046,0.011325272040770032,0.01933250192065616,-0.04138539738690128,Down,Sideways,0,0.0,0.027959349749701046,1.0,1.0284765613276354
2025-12-05 00:00:00+05:30,509.13052181622754,510.26954047965927,496.25493200826395,499.8700256347656,284461,0.0,0.0,HAPPSTMNDS.NS,497.05967102050784,501.82061767578125,497.68331519923464,50.30143902937817,-2.4038182951304066,-3.698553385803905,1.2947350906734982,505.53233195453697,488.5870100864787,16.945321868058272,11.08201729948154,-0.012425368504408563,0.011370145504315702,0.0056539582229390714,-0.02813554866343737,Down,Sideways,0,-0.0,-0.012425368504408563,1.0,1.0156973610549926
2025-12-08 00:00:00+05:30,498.97863453075547,501.05854362846884,485.3107122752545,486.9449157714844,287464,0.0,0.0,HAPPSTMNDS.NS,496.4678894042969,500.6888128662109,496.66061049182986,41.71324841505828,-3.0099967695393843,-3.560842062551001,0.5508452930116166,505.9681279563449,486.9676508522489,19.000477104096035,11.415289731891026,-0.025856941205602668,0.012120519168111892,-0.01918144926601189,-0.0032544067009392386,Sideways,Sideways,0,-0.0,-0.025856941205602668,1.0,0.9894345341075079
2025-12-09 00:00:00+05:30,486.94490325236507,493.7788642044177,482.3394097993855,487.9353332519531,390303,0.0,0.0,HAPPSTMNDS.NS,495.89591522216796,499.55120239257815,495.82963170707967,42.52305936709613,-3.3716133049558152,-3.522996311031964,0.15138300607614896,505.98634495026226,485.80548549407365,20.180859456188614,11.417015779972536,0.002033941516566884,0.012130473333998595,-0.0160529291043835,-0.004465601099278738,Sideways,Sideways,0,0.0,0.002033941516566884,1.0,0.9914469860843542
2025-12-10 00:00:00+05:30,491.59993487065015,497.0472998520957,483.32983835371425,485.1621398925781,202723,0.0,0.0,HAPPSTMNDS.NS,495.11595153808594,498.6861700439453,494.8136801056986,40.813197780071796,-3.8377315616002647,-3.585943361145625,-0.2517882004546399,505.9645261184682,484.2673769577037,21.697149160764525,11.581333331287457,-0.005683526423250429,0.0121361129640302,-0.02010400112253732,-0.01235077095292414,Sideways,Sideways,0,-0.0,-0.005683526423250429,1.0,0.9858120709416918
2025-12-11 00:00:00+05:30,488.08388029081743,489.27240835273415,482.587006011882,485.2116394042969,185483,0.0,0.0,HAPPSTMNDS.NS,494.4597915649414,497.9324609375,493.89920003889847,40.85890988554263,-4.155240416308857,-3.699802772178271,-0.45543764413058563,506.01471343511844,482.90486969476433,23.10984374035411,11.231623974827793,0.00010202674044124116,0.012114973829493333,-0.01870354742369355,-0.028577214947845597,Down,Sideways,0,0.0,0.00010202674044124116,1.0,0.9859126501339776
2025-12-12 00:00:00+05:30,485.31069321005356,488.92575661437047,483.82504823083906,485.805908203125,149801,0.0,0.0,HAPPSTMNDS.NS,493.74915771484376,497.18965209960936,493.12841034025337,41.44362887830718,-4.309241689848534,-3.8216905557123235,-0.48755113413621043,505.5937395838475,481.90457584584004,23.689163738007437,10.793701432592337,0.0012247620431318218,0.012081056631070545,-0.016087621391561436,-0.013863342715898286,Sideways,Sideways,0,0.0,0.0012247620431318218,1.0,0.9871201585257051
2025-12-15 00:00:00+05:30,485.8059045552367,488.18293045902595,484.27075017845226,485.3601989746094,115752,0.0,0.0,HAPPSTMNDS.NS,493.14747009277346,496.5374249267578,492.3885806863825,41.11529577234681,-4.416344943017862,-3.9406214331734315,-0.4757235098444301,505.405693014452,480.8892471710949,24.516445843357133,10.302164207448149,-0.0009174635816270316,0.012046663005094629,-0.01579095826386193,0.013774151277363478,Sideways,Sideways,0,-0.0,-0.0009174635816270316,1.0,0.9862145117295679
2025-12-16 00:00:00+05:30,483.32984308570445,493.18463373883003,483.32984308570445,485.75640869140625,180080,0.0,0.0,HAPPSTMNDS.NS,492.4170288085937,495.94237854003904,491.75694525828953,41.55853295690459,-4.418322557773422,-4.03616165809343,-0.3821608996799917,504.6086728650786,480.2253847521089,24.383288112969694,10.270208953567964,0.0008163209872460442,0.011940769622193684,-0.013526380542327895,0.0006116628320467221,Sideways,Sideways,0,0.0,0.0008163209872460442,1.0,0.9870195793334193
2025-12-17 00:00:00+05:30,483.7755370266293,485.70685735712703,477.38725154950197,479.1700134277344,179110,0.0,0.0,HAPPSTMNDS.NS,491.31517486572267,495.19787109375,490.55818984585574,36.62339154962023,-4.894931165207822,-4.207915559516309,-0.6870156056915135,504.0988948434942,478.53145488795116,25.567439955543023,10.134419538449128,-0.013559049650863408,0.012216018777237079,-0.024719695338756,0.0005167677900688172,Sideways,Sideways,0,-0.0,-0.013559049650863408,1.0,0.9736365318508632
2025-12-18 00:00:00+05:30,478.37770130107225,478.37770130107225,469.6619291853831,471.34564208984375,246856,0.0,0.0,HAPPSTMNDS.NS,490.11180267333987,494.80716430664063,488.72842339290224,31.79324221335807,-5.836726150520008,-4.533677677717049,-1.303048472802959,505.40980747015584,474.8137978765239,30.596009593631948,10.089681303013567,-0.016329008741425843,0.0124530918860785,-0.03828955042734155,0.0032570297261504955,Sideways,Sideways,0,-0.0,-0.016329008741425843,1.0,0.9577380124112989
2025-12-19 00:00:00+05:30,473.3760417698003,482.33942139127595,472.48463056832816,479.0710144042969,222667,0.0,0.0,HAPPSTMNDS.NS,489.45812072753904,494.70986511230467,487.8086701558922,40.18184551220342,-5.891815300246776,-4.8053052022229945,-1.0865100980237816,505.4541532102556,473.4620882448225,31.992064965433087,10.15425973147204,0.01639003657740523,0.013091081612033635,-0.02122164467881867,-0.022638074596964874,Down,Sideways,0,0.0,0.01639003657740523,1.0,0.9734353734662914
2025-12-22 00:00:00+05:30,481.84420662342035,493.6303178626291,481.4480406589687,492.0456237792969,370425,0.0,0.0,HAPPSTMNDS.NS,488.9579544067383,494.7321728515625,488.2121895485974,51.066775540976955,-4.832821546611058,-4.810808471100607,-0.02201307551045062,503.941466240268,473.97444257320853,29.967023667059493,10.468905711962053,0.027082851988307732,0.01376455392231644,0.006314795259451132,-0.08584946144259964,Down,Sideways,0,0.0,0.027082851988307732,1.0,0.999798779606062
2025-12-23 00:00:00+05:30,493.0360473184199,493.23414541080297,485.3107053238824,486.05352783203125,154101,0.0,0.0,HAPPSTMNDS.NS,488.6063522338867,494.5863684082031,488.0066027184483,46.82865355222278,-4.426052652272517,-4.733857307334989,0.3078046550624718,503.5157729145782,473.6969315531952,29.818841361382965,10.287086738744803,-0.012177927528836952,0.013451932651712059,-0.005224705716951991,-0.06184415623229034,Down,Sideways,0,-0.0,-0.012177927528836952,1.0,0.9876233025245997
2025-12-24 00:00:00+05:30,486.0535261973287,488.2819937142803,478.3776936389399,479.4176330566406,226259,0.0,0.0,HAPPSTMNDS.NS,487.7842956542969,494.4634930419922,487.1886056077999,42.61107727261337,-4.586278855003968,-4.704341616868785,0.11806276186481668,502.8160863597035,472.7525049488903,30.063581410813185,10.259744834215919,-0.013652600784504254,0.013668903904789122,-0.01715238205123747,-0.058051796113665066,Down,Sideways,0,-0.0,-0.013652600784504254,1.0,0.9741396758497577
2025-12-26 00:00:00+05:30,482.3394235325836,482.3394235325836,471.09803667208865,472.8808288574219,314984,0.0,0.0,HAPPSTMNDS.NS,486.80377197265625,494.2748992919922,485.82596020300196,38.8949142113622,-5.181001384660021,-4.799673570427032,-0.3813278142329892,502.9932903994812,470.6142535458313,32.37903685364995,10.32986212180728,-0.013634884802925962,0.01388967938127907,-0.028600729733081087,-0.023772150099910516,Down,Sideways,0,-0.0,-0.013634884802925962,1.0,0.9608573935875866
2025-12-29 00:00:00+05:30,474.41595636505986,476.54537475875435,466.49251659278326,468.22576904296875,289963,0.0,0.0,HAPPSTMNDS.NS,485.5112594604492,493.9143951416016,484.149751521094,36.4565830857448,-5.959253136573011,-5.031589483656228,-0.9276636529167828,503.227621245145,467.7948976757534,35.432723569391555,10.310076124961837,-0.009844044271578367,0.013941465668736594,-0.03560265612931385,-0.020729693663916637,Down,Sideways,0,-0.0,-0.009844044271578367,1.0,0.951398670866437
2025-12-30 00:00:00+05:30,468.225775752277,469.2162057380036,445.84205202974965,449.80377197265625,1055490,0.0,0.0,HAPPSTMNDS.NS,483.3768829345703,493.0524609375,480.8787058498142,28.76996470320333,-7.9706438408422855,-5.61940035509344,-2.351243485748846,506.63431088066886,460.1194549884717,46.51485589219715,11.243224523768419,-0.0393442614403009,0.01618644996558684,-0.06945535077741499,0.0012111265424037398,Sideways,Up,1,-0.0393442614403009,-0.0393442614403009,0.9606557385596991,0.9139665928259132
2025-12-31 00:00:00+05:30,449.80377013404257,457.82625903074074,449.80377013404257,455.99395751953125,282912,0.0,0.0,HAPPSTMNDS.NS,481.7302932739258,492.4217083740234,478.5087298183587,33.81938799305203,-8.961882225452484,-6.287896729165249,-2.6739854962872354,507.6892966969253,455.7712898509263,51.918006845999,11.013171978977686,0.013761968957546555,0.016666525595971485,-0.05342478169576125,0.0065160577459124625,Sideways,Up,1,0.013761968957546555,0.013761968957546555,0.9738762530126467,0.926544572704618
2026-01-01 00:00:00+05:30,458.51958848856714,458.51958848856714,451.0418237244418,451.5865783691406,144028,0.0,0.0,HAPPSTMNDS.NS,479.69000854492185,491.66734313964844,475.94471539462364,32.07590023379602,-9.98794958464606,-7.027907300261412,-2.960042284384648,508.2594320453458,451.1205850444979,57.13884700084793,10.760642892202515,-0.009665433231539788,0.016534813794211418,-0.058586649034090534,-0.00932124821144853,Sideways,Up,1,-0.009665433231539788,-0.009665433231539788,0.9644633171133709,0.9175891180010959
2026-01-02 00:00:00+05:30,451.6360856443311,463.12507983302,450.9427725454564,461.6394348144531,290972,0.0,0.0,HAPPSTMNDS.NS,477.4640182495117,491.03916748046873,474.5823077203217,39.710536157533,-9.87608845920704,-7.597543532050538,-2.278544927156502,504.3235122869945,450.6045242120289,53.71898807496564,10.862190349014018,0.022261194036406806,0.015991953266637438,-0.03314298634078225,-0.05492384115000715,Down,Sideways,0,0.0,0.022261194036406806,0.9644633171133709,0.9380157474026136
2026-01-05 00:00:00+05:30,461.6394408196258,464.4126328001485,453.4188534746375,458.51959228515625,246842,0.0,0.0,HAPPSTMNDS.NS,475.39649658203126,490.1033013916016,473.052525297925,38.27278928628254,-9.9247762868074,-8.06299008300191,-1.8617862038054902,501.3908470875109,449.4021460765516,51.98870101095929,10.871589561620947,-0.0067581802896687915,0.01589349537804,-0.03550069135598446,-0.06436983727537926,Down,Sideways,0,-0.0,-0.0067581802896687915,0.9644633171133709,0.9316764678671183
2026-01-06 00:00:00+05:30,458.5690983186808,458.6681473655826,448.6647981390117,450.3485412597656,196847,0.0,0.0,HAPPSTMNDS.NS,473.5666778564453,488.8710241699219,470.89024110381456,34.726548408140005,-10.501640891234274,-8.550720244648383,-1.9509206465858906,501.15508353596715,445.9782721769235,55.176811359043654,10.809572394831662,-0.01782050573819105,0.015411079124635182,-0.049028231255151634,-0.05553112650581715,Down,Up,1,-0.01782050573819105,-0.01782050573819105,0.9472760930364773,0.9150735220253547
2026-01-07 00:00:00+05:30,447.67434490435136,462.53079440338956,447.67434490435136,458.9652404785156,462712,0.0,0.0,HAPPSTMNDS.NS,472.11817321777346,487.8800390625,469.754526758548,40.941117705612704,-10.146551502423563,-8.86988649620342,-1.2766650062201421,499.57862128968577,444.65772514586115,54.92089614382462,11.098635045132129,0.019133400975711812,0.016204812235917406,-0.02785940784615973,-0.07660764847045154,Down,Sideways,0,0.0,0.019133400975711812,0.9472760930364773,0.9325819906445227
2026-01-08 00:00:00+05:30,460.7480323257212,463.07551856566636,444.802103826206,447.3772277832031,305344,0.0,0.0,HAPPSTMNDS.NS,470.2289276123047,486.66615966796877,467.6233554275628,35.97991168468924,-10.677117221899664,-9.23133264134267,-1.4457845805569942,499.00727147284744,441.45058375176194,57.556687721085495,11.611119309012716,-0.025248127032955425,0.016952989232436416,-0.048596967322143095,-0.05268984124253384,Down,Sideways,0,-0.0,-0.025248127032955425,0.9472760930364773,0.9090360420760834
2026-01-09 00:00:00+05:30,443.7126489784336,446.6344296277652,435.591110723886,436.284423828125,329186,0.0,0.0,HAPPSTMNDS.NS,467.7825668334961,485.10432861328127,464.63869527523536,31.98431470688233,-11.856022107114768,-9.756270534497089,-2.099751572617679,499.2437157002763,436.3214179667159,62.92229773356041,11.623619148320174,-0.024795191319960663,0.017546669785024758,-0.06733500826802433,-0.030987534561709107,Down,Sideways,0,-0.0,-0.024795191319960663,0.9472760930364773,0.886496319496067
2026-01-12 00:00:00+05:30,433.0160204923905,436.1853784478504,426.92485163751104,429.0047607421875,317193,0.0,0.0,HAPPSTMNDS.NS,464.94250946044923,483.41266845703126,461.2449872244689,29.65675993152098,-13.225268037063358,-10.450070035010343,-2.775198002053015,499.48691084062483,430.39810808027363,69.0888027603512,11.461901508484017,-0.01668559015255,0.017660666419294153,-0.07729503753048163,-0.030705322405742974,Down,Up,1,-0.01668559015255,-0.01668559015255,0.9314702323867619,0.8717046052372116
2026-01-13 00:00:00+05:30,431.87699332215635,434.105460842344,424.0526022963803,425.3401794433594,393802,0.0,0.0,HAPPSTMNDS.NS,461.9415084838867,481.7619885253906,457.8254817215061,28.531169983977378,-14.439655031236555,-11.247987034255587,-3.191667996980968,499.19179893653296,424.69121803124045,74.50058090529251,11.361255582589706,-0.008542052755984186,0.01762631794985883,-0.07923368731390816,-0.039236244369256656,Down,Up,1,-0.008542052755984186,-0.008542052755984186,0.9235135645210852,0.864258458511641
2026-01-14 00:00:00+05:30,425.439196137312,425.88490172933183,419.5461557486979,423.80499267578125,344655,0.0,0.0,HAPPSTMNDS.NS,458.8439376831055,480.14857788085936,454.5854351457228,28.050857160484682,-15.349008400937066,-12.068191307591883,-3.280817093345183,497.9163478027874,419.77152756342355,78.14482023936387,11.00250489673572,-0.0036093151829371672,0.0175582001859985,-0.07636353480935258,-0.04358496813118107,Down,Up,1,-0.0036093151829371672,-0.0036093151829371672,0.9201803129910109,0.861139077335353
2026-01-15 00:00:00+05:30,423.80499267578125,423.80499267578125,423.80499267578125,423.80499267578125,0,0.0,0.0,HAPPSTMNDS.NS,456.0756866455078,478.59162170410156,451.6539644342998,28.050857160484682,-15.886547270064966,-12.831862500086501,-3.054684769978465,496.8054796690666,415.345893621949,81.45958604711757,10.216611689826026,0.0,0.0175392228306611,-0.07075732145925479,-0.03587285365949555,Down,Up,1,0.0,0.0,0.9201803129910109,0.861139077335353
2026-01-16 00:00:00+05:30,425.4391879903506,431.77796407512494,421.4774680501289,422.7650451660156,377889,0.0,0.0,HAPPSTMNDS.NS,453.6466567993164,477.13370849609373,448.9026387897013,27.684702947026878,-16.209611458678523,-13.507412291804906,-2.7021991668736174,496.1978113672928,411.09550223134005,85.10230913595274,10.222603428052455,-0.0024538349659348757,0.01738177889591585,-0.06807415236163011,-0.04849483854411607,Down,Up,1,-0.0024538349659348757,-0.0024538349659348757,0.9179223423640287,0.8590259841568546
2026-01-19 00:00:00+05:30,421.92316955409154,423.3593051087459,414.39589569534564,415.83203125,248424,0.0,0.0,HAPPSTMNDS.NS,450.4847076416016,475.6530157470703,445.7530571192535,25.312517805013698,-16.831060449226698,-14.172141923289265,-2.658918525937432,494.3859451449535,406.58347013824965,87.80247500670384,10.132660998434442,-0.01639921274308076,0.016765691769991417,-0.07692309151406464,-0.03489340659727769,Down,Up,1,-0.01639921274308076,-0.01639921274308076,0.902869138589974,0.844938634290832
2026-01-20 00:00:00+05:30,415.4853892474133,415.8320457960621,406.621028566585,408.65142822265625,408888,0.0,0.0,HAPPSTMNDS.NS,446.3149978637695,473.8504333496094,442.21956865291094,23.104378197856576,-17.698955364809308,-14.877504611593274,-2.821450753216034,489.46955080025685,403.1604449272822,86.30910587297467,10.066829300651778,-0.017268037302847317,0.014855894558631458,-0.08438786467267557,-0.020237568041676757,Down,Up,1,-0.017268037302847317,-0.017268037302847317,0.8872783606252127,0.8303482024352811
2026-01-21 00:00:00+05:30,406.07628805432,409.5923023606783,401.12413819999904,405.3334655761719,393017,0.0,0.0,HAPPSTMNDS.NS,442.27899475097655,471.9696063232422,438.7066064551263,22.14315140171182,-18.441913297651354,-15.590386348804891,-2.8515269488464625,484.9079191986137,399.6500703033394,85.25784889527426,9.952638933510881,-0.008119297810643022,0.014839882931584279,-0.08353444231645392,-0.014660930869652034,Sideways,Up,1,-0.008119297810643022,-0.008119297810643022,0.8800742833743574,0.823606358093177
2026-01-22 00:00:00+05:30,411.02846386542586,414.49496898236316,405.5810986816672,408.6018981933594,204987,0.0,0.0,HAPPSTMNDS.NS,438.7382080078125,470.126416015625,435.8394913825771,25.434125227000024,-18.553108924601986,-16.182930863964312,-2.3701780606376737,480.1875770258143,397.2888389898107,82.89873803600358,9.896129252988052,0.008063564681345836,0.015264857304190117,-0.06868859211349217,0.0020603377367518494,Sideways,Up,1,0.008063564681345836,0.008063564681345836,0.8871708192827357,0.830247561233629
2026-01-23 00:00:00+05:30,408.0571438747354,412.5140786986099,401.1241341487083,402.26312255859375,254129,0.0,0.0,HAPPSTMNDS.NS,435.2073226928711,468.2049816894531,432.64174197076915,23.370869736561588,-18.93445388040385,-16.73323546725222,-2.2012184131516292,476.4520102001236,393.96263518561864,82.48937501450496,10.002830345624734,-0.015513328897375778,0.015308052289093519,-0.07569771558629385,-0.0008617473252755525,Sideways,Up,1,-0.015513328897375778,-0.015513328897375778,0.8734078465750482,0.8173676577499676
2026-01-27 00:00:00+05:30,403.6002119435193,404.09542692749903,394.4882441480818,401.3222351074219,464768,0.0,0.0,HAPPSTMNDS.NS,431.8621459960938,466.2310546875,429.6589317933075,23.07168971689697,-19.092507715038437,-17.205089916809467,-1.8874177982289702,472.7028082250549,391.0214837671326,81.6813244579223,9.974569805181343,-0.0023389851030523046,0.015350908180296274,-0.07071680435948219,0.03381043208382439,Up,Up,1,-0.0023389851030523046,-0.0023389851030523046,0.8713649586330202,0.8154558469747736
2026-01-28 00:00:00+05:30,397.7071441176659,402.60978458100215,397.1624197219726,400.3813171386719,308356,0.0,0.0,HAPPSTMNDS.NS,429.39102325439455,464.2908020019531,426.870587540485,22.757935662639596,-19.073819614723163,-17.578835856392207,-1.4949837583309566,471.54979493307826,387.23225157571085,84.31754335736741,9.651198023313357,-0.002344544823184691,0.013428940728719247,-0.06756011314781435,-0.01694498233381192,Sideways,Up,1,-0.002344544823184691,-0.002344544823184691,0.8693220044301526,0.8135439741902132
2026-01-29 00:00:00+05:30,404.0954421836252,404.0954421836252,391.61601807108474,399.3908996582031,548807,0.0,0.0,HAPPSTMNDS.NS,426.5608703613281,462.2713153076172,424.2534744088391,22.41243396562389,-18.92082013725178,-17.84723271256412,-1.073587424687659,468.7957046656929,384.32603605696335,84.46966860872953,9.853214172543867,-0.0024736855544279512,0.01265805155957936,-0.06369541275576929,-0.023930559542687413,Down,Up,1,-0.0024736855544279512,-0.0024736855544279512,0.8671715751456474,0.811531522213367
2026-01-30 00:00:00+05:30,398.1528601445222,411.0284501491958,391.2693595518137,409.4437561035156,516691,0.0,0.0,HAPPSTMNDS.NS,424.4537292480469,460.43604858398436,422.84302504642733,33.45540587511623,-17.78338960356973,-17.834464090765245,0.051074487195513996,465.6770595584009,383.2303989376929,82.44666062070803,10.560776774318027,0.025170469467170387,0.014470717036476888,-0.0353630375002774,-0.06361877287875006,Down,Up,1,0.025170469467170387,0.025170469467170387,0.888998690800649,0.8319581516148848
2026-02-02 00:00:00+05:30,410.929392242692,410.929392242692,398.54901750517104,401.9164733886719,374886,0.0,0.0,HAPPSTMNDS.NS,421.4675811767578,458.5661163330078,420.8500201266411,30.011046846650984,-17.290047611657485,-17.725580794943692,0.43553318328620705,460.0515789128889,382.8835834406267,77.16799547226219,10.690748057403953,-0.01838416779505292,0.01327701249596813,-0.04638816521426934,-0.024765833315553043,Down,Up,1,-0.01838416779505292,-0.01838416779505292,0.8726551896993875,0.8166632933571347
2026-02-03 00:00:00+05:30,432.5702944993686,432.5702944993686,410.73132549350254,414.89111328125,437487,0.0,0.0,HAPPSTMNDS.NS,419.2861572265625,457.02104553222654,420.28250518898477,41.240573023907906,-15.671474519877734,-17.314759539930503,1.6432850200527689,453.98154769936974,384.5907667537553,69.39078094561444,12.116681846924862,0.03228193107683608,0.015897700274783023,-0.010482206172472438,-0.060396235363900264,Down,Sideways,0,0.0,0.03228193107683608,0.8726551896993875,0.8430267615062718
2026-02-04 00:00:00+05:30,408.0571463545201,410.8798778052326,389.38753543372917,393.59686279296875,1272426,0.0,0.0,HAPPSTMNDS.NS,416.44857330322264,454.8520037841797,417.7410154369832,32.12920412215328,-15.92345604509967,-17.036498840964338,1.1130427958646685,449.77388229363544,383.12326431280985,66.65061798082559,13.072888704110287,-0.051324913469154354,0.01882942257827619,-0.054872826983165604,-0.012204337283333921,Sideways,Up,1,-0.051324913469154354,-0.051324913469154354,0.8278662375996579,0.7997584859197809
2026-02-05 00:00:00+05:30,396.1224884644798,397.9547597742272,386.4657960163009,389.833251953125,493269,0.0,0.0,HAPPSTMNDS.NS,412.9919738769531,452.7869573974609,415.08313320042527,30.832632299999403,-16.239644645587703,-16.877128001889012,0.6374833563013098,442.02515436939274,383.9587933845135,58.066360984879225,12.959751207954293,-0.009562095625298195,0.017837110623173173,-0.056075476979434075,-0.03277439835867324,Down,Up,1,-0.009562095625298195,-0.009562095625298195,0.8199501014707742,0.7921111188002723
2026-02-06 00:00:00+05:30,389.33802658719503,389.33802658719503,377.8490329097111,383.39544677734375,538216,0.0,0.0,HAPPSTMNDS.NS,409.79288482666016,450.5376910400391,412.0652583029889,28.6991755895651,-16.81586068967232,-16.864874539445672,0.04901384977335255,437.00888439551414,382.57688525780617,54.431999137707976,12.89007033905855,-0.016514253577720295,0.017495672002734386,-0.06441653583244218,-0.03926633724696338,Down,Up,1,-0.016514253577720295,-0.016514253577720295,0.8064092375740083,0.7790299949226729
2026-02-09 00:00:00+05:30,387.45623254040356,392.8045485567276,385.8219988412134,391.9626770019531,438598,0.0,0.0,HAPPSTMNDS.NS,407.57679748535156,448.5271185302734,410.1507267505093,35.13185626517486,-16.39225249330633,-16.770350130217807,0.3780976369114768,432.9596537981433,382.19394117255985,50.76571262558343,12.641429727653213,0.022345675454995106,0.01820964213209774,-0.038309640243835555,-0.02488945472897386,Down,Up,1,0.022345675454995106,0.022345675454995106,0.8244289966807471,0.7964379463589214
2026-02-10 00:00:00+05:30,391.9626703965928,399.04423881348566,387.30763733136337,389.833251953125,699107,0.0,0.0,HAPPSTMNDS.NS,405.61822204589845,446.44226318359375,408.2157291507584,34.30345284660001,-16.04342809841546,-16.62496572385734,0.5815376254418787,430.1147622777613,381.1216818140356,48.99308046372573,12.57679913868672,-0.005432724016265267,0.018008280017909026,-0.038915830785795594,-0.0013973635312073407,Sideways,Up,1,-0.005432724016265267,-0.005432724016265267,0.8199501014707741,0.7921111188002723
2026-02-11 00:00:00+05:30,389.8332435330529,393.2006993971427,386.2676895840949,388.79327392578125,356587,0.0,0.0,HAPPSTMNDS.NS,403.7908767700195,444.36830261230466,406.36597151028445,33.88323724721003,-15.670262753050736,-16.43402512969602,0.7637623766452855,427.5721377843902,380.00961575564884,47.56252202874134,12.173671329712514,-0.0026677509477021077,0.01798885516274818,-0.03714200519884503,-0.015284641778816277,Sideways,Up,1,-0.0026677509477021077,-0.0026677509477021077,0.817762678810507,0.7899979636124075
2026-02-12 00:00:00+05:30,388.24854823067795,388.24854823067795,375.67007552177034,377.05670166015625,538600,0.0,0.0,HAPPSTMNDS.NS,401.4534622192383,442.13092163085935,403.5746124769389,29.492409621498837,-16.13556902783705,-16.37433390932423,0.23876488148717812,426.0811824744285,376.8257419640481,49.25544051038037,12.2414946921624,-0.03018717928712278,0.018892050640287275,-0.06077108022488222,0.01615448281131293,Sideways,Up,1,-0.03018717928712278,-0.03018717928712278,0.7930767302109364,0.7661501534483779
2026-02-13 00:00:00+05:30,365.46867090324076,373.5902090135227,361.5069508934495,368.3409118652344,654461,0.0,0.0,HAPPSTMNDS.NS,398.6802581787109,439.6498944091797,400.2190219424908,26.722944184206938,-17.01152077630627,-16.50177128272064,-0.5097494935856304,425.04561381457574,372.3149025428461,52.73071127172966,12.477798697486994,-0.023115329223819203,0.019231824513169956,-0.07609944483350048,0.01384779111824197,Sideways,Up,1,-0.023115329223819203,-0.023115329223819203,0.7747445004923605,0.7484403404165391
2026-02-16 00:00:00+05:30,368.34091938010266,389.88277237283796,365.6172368178028,382.2069396972656,1273442,0.0,0.0,HAPPSTMNDS.NS,396.65235290527346,437.17084838867186,398.50358553818364,36.878284653680446,-16.397822395756293,-16.480981505327772,0.0831591095714792,421.49065055480906,371.81405525573786,49.67659529907121,13.31977990159758,0.03764454988672128,0.021648369805167055,-0.03641832224667937,-0.05066081493548824,Down,Sideways,0,0.0,0.03764454988672128,0.7747445004923605,0.7766150401485842
2026-02-17 00:00:00+05:30,382.30599352674824,405.5810993502679,380.5232315538805,389.28851318359375,1560108,0.0,0.0,HAPPSTMNDS.NS,395.32517700195314,434.95921813964844,397.62595959965125,41.34887815163882,-15.165222960281938,-16.217829796318608,1.05260683603667,418.7168135719194,371.9335404319869,46.783273139932476,14.15821475122542,0.018528113309342897,0.02206871590287235,-0.015270122343686604,-0.0769622252886164,Down,Sideways,0,0.0,0.018528113309342897,0.7747445004923605,0.791004251610197
2026-02-18 00:00:00+05:30,384.28684361151926,387.75334864409734,381.3650629938504,382.8507080078125,391231,0.0,0.0,HAPPSTMNDS.NS,394.03514099121094,432.877333984375,396.2187927813809,38.66768957734634,-14.540245206223005,-15.882312878299487,1.3420676720764817,417.1893322058274,370.8809497765945,46.30838242923289,13.712874425405271,-0.01653736228467928,0.02204454982450121,-0.02838435413466818,-0.06958999309061309,Down,Sideways,0,-0.0,-0.01653736228467928,0.7747445004923605,0.7779231277325976
2026-02-19 00:00:00+05:30,384.28684613910633,390.8236902886395,381.01843917710244,383.1478576660156,522549,0.0,0.0,HAPPSTMNDS.NS,392.9258605957031,430.7815844726563,394.9739418180128,38.86474004996003,-13.861185224397389,-15.478087347519068,1.6169021231216796,415.9339182880588,369.9178029033474,46.016115384711384,13.433758474414686,0.0007761502120482433,0.022026067288500626,-0.024885109152305098,-0.06320284310882307,Down,Sideways,0,0.0,0.0007761502120482433,0.7747445004923605,0.7785269129331446
2026-02-20 00:00:00+05:30,385.1782214327112,385.1782214327112,372.30263141673896,373.4416198730469,466602,0.0,0.0,HAPPSTMNDS.NS,391.1678466796875,428.54717407226565,392.9232444899208,34.91833173484845,-13.945482723837586,-15.171566422782773,1.226083698945187,414.4871040309453,367.8485893284297,46.638514702515636,13.393889298811656,-0.02533287763135439,0.022438798891282148,-0.04531616531651171,-0.045749936564997706,Down,Up,1,-0.02533287763135439,-0.02533287763135439,0.7551179928658228,0.7588045859150931
2026-02-23 00:00:00+05:30,376.3633876701989,382.15740902548964,358.5851576624102,362.8440246582031,683980,0.0,0.0,HAPPSTMNDS.NS,389.19689178466797,426.0998217773438,390.0585568869001,31.193923051778853,-14.697997104083527,-15.076852559042925,0.3788554549593979,414.9665611662589,363.42722240307705,51.53933876318183,14.120915160545069,-0.028378184569910703,0.022957109281436096,-0.06771088794060864,-0.05049810873688454,Down,Up,1,-0.028378184569910703,-0.028378184569910703,0.733689115092216,0.7372710893234999
2026-02-24 00:00:00+05:30,362.34883265764546,363.93352675135,354.8710677930019,359.3280029296875,486529,0.0,0.0,HAPPSTMNDS.NS,387.09718017578126,423.570263671875,387.1318374624036,30.048780375699394,-15.40055572103438,-15.141593191441217,-0.25896252959316257,415.3011873169982,358.8931730345643,56.408014282433896,13.759596860388141,-0.00969017398544103,0.02297291974146381,-0.071736965982247,-0.05871003850707379,Down,Up,1,-0.00969017398544103,-0.00969017398544103,0.7265795399157482,0.7301268041935196
2026-02-25 00:00:00+05:30,362.4973661882878,366.06292009753963,354.57392649018317,356.2081298828125,412739,0.0,0.0,HAPPSTMNDS.NS,384.8885208129883,420.9872222900391,384.1867224548235,29.03039398156703,-16.024367236959904,-15.318148000544955,-0.7062192364149489,415.4087819640488,354.3682596619278,61.04052230212096,13.59741091374302,-0.008682521321572323,0.0229743015553102,-0.07451609850456202,-0.05296812228136738,Down,Up,1,-0.008682521321572323,-0.008682521321572323,0.7202709975686115,0.7237874626486579
2026-02-26 00:00:00+05:30,356.554797790305,367.1524108148378,356.554797790305,358.93182373046875,389408,0.0,0.0,HAPPSTMNDS.NS,382.8655670166016,418.4507305908203,381.7814940048849,31.22189655972373,-16.113219858604623,-15.47716237215689,-0.6360574864477329,414.61148326944203,351.1196507637611,63.49183250568092,13.407901629334614,0.00764635509176137,0.023156963476013467,-0.06251213310361499,-0.0687086265858764,Down,Up,1,0.00764635509176137,0.00764635509176137,0.7257784453783183,0.7293217985990345
2026-02-27 00:00:00+05:30,359.08037185791704,369.0837205533489,355.5643575710314,356.356689453125,442439,0.0,0.0,HAPPSTMNDS.NS,380.21121368408205,415.9944641113281,379.36008404757445,30.270173111254593,-16.204631115822508,-15.622656120890015,-0.5819749949324926,411.4983503888691,348.924076979295,62.57427340957406,13.415863154547676,-0.007174438450677667,0.022036136013807658,-0.0627401911685272,-0.053501915202204375,Down,Up,1,-0.007174438450677667,-0.007174438450677667,0.720571392593123,0.7240893242442481
2026-03-02 00:00:00+05:30,338.7270659987688,353.08830125310254,338.7270659987688,344.5210876464844,593466,0.0,0.0,HAPPSTMNDS.NS,377.34144439697263,413.4579730224609,376.0420843903278,26.301803089701878,-17.035732032795636,-15.90527130327114,-1.1304607295244953,410.6051780972993,344.07771069664597,66.52746740065334,13.716846033105426,-0.03321279537309618,0.02269013553512973,-0.0869778743836058,0.15121460055821156,Up,Up,1,-0.03321279537309618,-0.03321279537309618,0.6966392023792206,0.7000402936862804
2026-03-04 00:00:00+05:30,338.7270570366833,349.27513039929966,336.7461970540126,338.2318420410156,574348,0.0,0.0,HAPPSTMNDS.NS,373.50848083496095,410.6411895751953,372.4411089284886,24.466286927194872,-17.99444628062912,-16.323106298742736,-1.6713399818863834,406.24418326579047,340.77277840413143,65.47140486165904,13.631995126832683,-0.01825503817032581,0.02076750865968512,-0.09444668756941216,0.20556372759769959,Up,Up,1,-0.01825503817032581,-0.01825503817032581,0.6839220271488426,0.6872610314042713
2026-03-05 00:00:00+05:30,341.69833992800324,341.69833992800324,331.2988252345423,337.3404541015625,543794,0.0,0.0,HAPPSTMNDS.NS,370.69566040039064,407.5470861816406,369.0981894211623,24.20842213061775,-18.61161863201488,-16.78080876539717,-1.830809866617713,405.63696821894047,335.7543525818408,69.88261563709966,13.401103667306131,-0.0026354347186064997,0.01837933964447656,-0.08998002906967126,0.200968846311534,Up,Up,1,-0.0026354347186064997,-0.0026354347186064997,0.6821195952936748,0.6854497998213632
2026-03-06 00:00:00+05:30,337.3404500012679,343.6791956922743,333.279681125217,334.2701110839844,323637,0.0,0.0,HAPPSTMNDS.NS,367.9175033569336,404.5114178466797,365.7812295795263,23.297587023155288,-19.127987653653634,-17.25024454304846,-1.8777431106051736,405.09460669152276,330.74040002234443,74.35420666917832,13.186704445859785,-0.00910161523839581,0.018376937574861467,-0.09145363285504345,0.16518524949825908,Up,Up,1,-0.00910161523839581,-0.00910161523839581,0.6759112051907415,0.6792110994781537
2026-03-09 00:00:00+05:30,328.8227596709496,349.6217896501362,327.0399977629436,337.2909240722656,2192416,0.0,0.0,HAPPSTMNDS.NS,365.6122772216797,401.6688836669922,363.0678671502634,26.238125385150738,-19.073590977483207,-17.61491382993541,-1.458677147547796,404.34940240467427,326.8751520386851,77.47425036598918,13.8577821202407,0.009037041865589623,0.018603959990389062,-0.07746280667769294,0.10806055798636116,Up,Up,1,0.009037041865589623,0.009037041865589623,0.6820194430494714,0.6853491586197109
2026-03-10 00:00:00+05:30,342.68878061226593,401.6193657175544,334.76534059810945,396.6177062988281,20824187,0.0,0.0,HAPPSTMNDS.NS,365.84502868652345,400.1436212158203,366.2630899263172,59.26624744449893,-14.08098883446172,-16.908128830840674,2.8271399963789534,405.2626235801876,326.4274337928593,78.83518978732832,17.643228048755287,0.17589202078218857,0.0445718802422686,0.08411396957555062,-0.049319544558945605,Down,Sideways,0,0.0,0.17589202078218857,0.6820194430494714,0.8058966070707045
2026-03-11 00:00:00+05:30,403.69927126605234,449.9523338123328,403.1545166344875,407.7600402832031,66088379,0.0,0.0,HAPPSTMNDS.NS,366.74136810302736,398.934306640625,370.21518043649684,62.6489571469543,-9.120091694201676,-15.350521403512875,6.230429709311199,409.01215894179694,324.47057726425777,84.54158167753917,20.192613724808815,0.028093385160116613,0.044928182882941106,0.1118463193621848,-0.0674034562486,Down,Sideways,0,0.0,0.028093385160116613,0.6820194430494714,0.828536970852373
2026-03-12 00:00:00+05:30,408.0571565420125,428.85618636575583,394.4882535667891,405.1353759765625,17628472,0.0,0.0,HAPPSTMNDS.NS,367.55847320556643,398.04093872070314,373.5409133450745,61.35639212555854,-5.338791182058117,-13.348175359221925,8.009384177163808,412.07489459336585,323.042051817767,89.03284277559885,21.205136515820094,-0.0064367864610217485,0.04496168404686427,0.10223380906792545,-0.09143137315754257,Down,Sideways,0,-0.0,-0.0064367864610217485,0.6820194430494714,0.8232038552959344
2026-03-13 00:00:00+05:30,411.02845557540826,416.4263112388376,383.39546424568465,389.4866027832031,4347462,0.0,0.0,HAPPSTMNDS.NS,368.1799682617187,396.7107916259766,375.0595504344201,54.17908641769259,-3.5637280591132594,-11.391285899200192,7.827557840086932,413.5483719514724,322.81156457196505,90.73680737950735,22.04983012134387,-0.03862603495347361,0.04532707908879675,0.05787016230697997,0.044755273904880655,Up,Sideways,0,-0.0,-0.03862603495347361,0.6820194430494714,0.7914067544074395
2026-03-16 00:00:00+05:30,386.26770308625026,387.15908404826735,361.6555113444957,373.73876953125,3617299,0.0,0.0,HAPPSTMNDS.NS,368.44986114501955,395.1538354492188,374.9337617769753,48.083407758106326,-3.388634212983334,-9.79075556195682,6.402121348973486,413.8830600025154,323.01666228752373,90.86639771499165,22.462777358298407,-0.040432284806260044,0.04600294056471265,0.014354486034529308,0.040545872380676196,Up,Sideways,0,-0.0,-0.040432284806260044,0.6820194430494714,0.75940837111564
2026-03-17 00:00:00+05:30,388.0504501464731,388.0504501464731,370.61890685531085,377.05670166015625,1632543,0.0,0.0,HAPPSTMNDS.NS,368.1923492431641,393.4621807861328,375.1359465277544,49.37575819119825,-2.9481571641314304,-8.422235882391742,5.474078718260312,413.36838722325297,323.0163112630752,90.35207596017779,22.10340349636011,0.008877677135469941,0.04526224549089955,0.024075330286501745,0.0491200037813444,Up,Sideways,0,0.0,0.008877677135469941,0.6820194430494714,0.7661501534483778
2026-03-18 00:00:00+05:30,378.3442536900476,385.1782145309671,372.64928128502726,380.2756042480469,1452951,0.0,0.0,HAPPSTMNDS.NS,367.74170379638673,391.8973010253906,375.62543773921084,50.65899591217056,-2.3126782765195912,-7.200324361217313,4.887646084697722,412.24174274025654,323.2416648525169,89.00007788773962,21.419512764187235,0.00853691917878141,0.04510437873445821,0.03408343498239728,0.0368537640747586,Up,Sideways,0,0.0,0.00853691917878141,0.6820194430494714,0.7726907153871776
2026-03-19 00:00:00+05:30,374.38252858975284,381.8107533633591,366.50859823952067,368.0932922363281,828860,0.0,0.0,HAPPSTMNDS.NS,367.0038330078125,390.2521960449219,374.9080905484601,45.91534219423806,-2.76024901477831,-6.312309291929513,3.5520602771512033,410.9634050489214,323.0442609667036,87.91914408221783,20.982558647019463,-0.03203548130784761,0.045529480344531435,0.0029685227524379695,0.046549233062953554,Up,Sideways,0,-0.0,-0.03203548130784761,0.6820194430494714,0.7479371964176442
2026-03-20 00:00:00+05:30,377.3538400412457,414.9901810427348,375.67009690623195,406.9181823730469,32020712,0.0,0.0,HAPPSTMNDS.NS,368.1923492431641,389.2112548828125,377.9566707222303,59.06962844604842,0.017688212760447186,-5.046309790991522,5.063998003751969,415.02501776939414,321.359680716934,93.66533705246013,22.833582229832835,0.10547567955080228,0.051392928163910216,0.1051782667659594,-0.12121221893527734,Down,Sideways,0,0.0,0.10547567955080228,0.6820194430494714,0.8268263804711171
2026-03-23 00:00:00+05:30,393.2007105353459,394.1911405366943,385.27727052455805,388.892333984375,2963359,0.0,0.0,HAPPSTMNDS.NS,368.96488494873046,388.04155700683594,378.99816246148214,52.66511159392735,0.7559737678581655,-3.885853079221585,4.64182684707975,416.62092864573043,321.3088412517305,95.31208739399995,22.748391488308265,-0.04429845892741768,0.05213571813903188,0.05400906657665692,0.0002547236084056159,Sideways,Sideways,0,-0.0,-0.04429845892741768,0.6820194430494714,0.7901992460157119
2026-03-24 00:00:00+05:30,396.61769788659973,402.0155231464414,381.5631500887982,395.5777282714844,1870405,0.0,0.0,HAPPSTMNDS.NS,370.60157012939453,387.2274230957031,380.5771687291014,54.62986565090141,1.8590953422727239,-2.7368633949227235,4.595958737195447,419.53559967053314,321.6675405882559,97.86805908227723,22.58439017183219,0.01719086159044214,0.05167536887053238,0.06739355727329889,-0.015648468314744646,Sideways,Sideways,0,0.0,0.01719086159044214,0.6820194430494714,0.8037834518828397
2026-03-25 00:00:00+05:30,398.1528626308084,402.9564542076533,391.2198525849983,394.2901916503906,1177475,0.0,0.0,HAPPSTMNDS.NS,372.3496795654297,386.5331317138672,381.8831709120813,54.16358064374202,2.5994686363019923,-1.6695969886777802,4.269065624979772,422.03999245600585,322.6593666748536,99.38062578115228,21.809548132605247,-0.0032548258637303817,0.051595724750028105,0.0589244822516505,-0.031901608199502496,Down,Sideways,0,-0.0,-0.0032548258637303817,0.6820194430494714,0.801167276714813
2026-03-27 00:00:00+05:30,392.21027195205943,402.5602773298929,382.30597215529025,385.2277526855469,2494639,0.0,0.0,HAPPSTMNDS.NS,373.80066070556643,385.73088317871094,382.2017025095542,50.87224331246431,2.426980004670156,-0.850281590008193,3.2772615946783494,423.21487767106515,324.3864437400677,98.82843393099745,21.69845934989078,-0.02298418564994187,0.05190562317102605,0.030570015468702676,-0.028666949269290587,Down,Sideways,0,-0.0,-0.02298418564994187,0.6820194430494714,0.7827530992901414
2026-03-30 00:00:00+05:30,380.17654788651885,382.4545247144681,354.57392726123805,357.5947265625,1517291,0.0,0.0,HAPPSTMNDS.NS,373.73380584716796,384.4066778564453,379.8581809907871,42.409742869745436,0.059837482838929645,-0.6682577754387685,0.7280952582776982,423.23185588670475,324.23575580763116,98.99610007907359,22.338128355206354,-0.07173165985682017,0.054663400077483104,-0.04318335412041307,0.05913311731758131,Up,Sideways,0,-0.0,-0.07173165985682017,0.6820194430494714,0.7266049202199891
2026-04-01 00:00:00+05:30,371.41126102129414,393.1016726198326,367.89524650716953,388.99139404296875,1529458,0.0,0.0,HAPPSTMNDS.NS,375.3655410766602,383.71040588378906,380.72801080528063,52.149424667353166,0.7091341951414165,-0.3927793813227315,1.1019135764641481,424.61564445681506,326.1154376965053,98.50020676030977,23.278758191072512,0.08779958189618675,0.05793018757393205,0.036300223316252114,-0.03386380699911429,Down,Sideways,0,0.0,0.08779958189618675,0.6820194430494714,0.7904005284190163
2026-04-02 00:00:00+05:30,378.5423525195238,393.84447765902047,371.4112445342563,389.3875427246094,1319920,0.0,0.0,HAPPSTMNDS.NS,377.6088638305664,383.04285583496096,381.552728130931,52.259134457469585,1.2413627483851997,-0.06595095538114526,1.307313703766345,425.0903332644935,330.1273943966393,94.96293886785418,23.218363543479057,0.001018399603968767,0.05721520029953166,0.03119280298284544,-0.0365000813906492,Down,Sideways,0,0.0,0.001018399603968767,0.6820194430494714,0.7912054720041349
2026-04-06 00:00:00+05:30,388.4961517087904,389.18946477081926,379.6813311121915,381.7117004394531,887185,0.0,0.0,HAPPSTMNDS.NS,379.7828567504883,382.36044921875,381.56786835079026,49.87309798583827,1.0318864440095012,0.15361652449698404,0.8782699195125172,423.7014364564212,335.86427704455537,87.83715941186585,22.253209834117545,-0.01971260362220917,0.05725079257896092,0.00507880662510276,-0.030228265606560445,Down,Sideways,0,-0.0,-0.01971260362220917,0.6820194430494714,0.7756087521507945
2026-04-07 00:00:00+05:30,381.66221300405016,386.02009903269453,370.9160412770856,374.1844482421875,1115954,0.0,0.0,HAPPSTMNDS.NS,381.6250564575195,381.6711096191406,380.8646854833043,47.57893287760657,0.2555428798989965,0.17400179557738654,0.08154108432160995,421.1378869229077,342.11222599213136,79.02566093077633,21.742556114224072,-0.019719731379991057,0.05753724342856396,-0.019497168986754593,0.008205426580398356,Sideways,Sideways,0,-0.0,-0.019719731379991057,0.6820194430494714,0.7603139559024108
2026-04-08 00:00:00+05:30,387.25812133498766,387.25812133498766,375.22440314935056,378.74041748046875,1545531,0.0,0.0,HAPPSTMNDS.NS,383.84857177734375,381.1392486572266,380.662374244939,49.10496181117501,0.007823469704931085,0.14076613040289546,-0.13294266069796437,416.9341237300623,350.7630198246252,66.17110390543712,21.123350184122362,0.012175731139238755,0.057426697624903475,-0.013307732977154464,-0.0018304564030359183,Sideways,Sideways,0,0.0,0.012175731139238755,0.6820194430494714,0.7695713342108896
2026-04-09 00:00:00+05:30,378.83946387183727,380.52320691258836,372.5007181031388,375.81866455078125,816366,0.0,0.0,HAPPSTMNDS.NS,385.7749588012695,380.483583984375,380.2010685597811,48.137163642642676,-0.4194221534102667,0.028728473640263028,-0.4481506270505297,411.4495152764974,360.10040232604166,51.34911295045572,20.18757437164573,-0.0077143943314108565,0.057528904017951056,-0.02580855502240418,0.0064566888724209015,Sideways,Sideways,0,-0.0,-0.0077143943314108565,0.6820194430494714,0.7636345574726369
2026-04-10 00:00:00+05:30,377.8490387687655,378.54235184754185,373.9863678775711,375.17486572265625,929940,0.0,0.0,HAPPSTMNDS.NS,384.70281677246095,379.94181884765624,379.72238257529307,47.913082706913805,-0.800736184551397,-0.13716445799806898,-0.663571726553328,410.26732842584084,359.13830511908105,51.12902330675979,19.071032200097516,-0.0017130570906970233,0.04156329728078142,-0.024767042595999936,-0.0009238855904595278,Sideways,Sideways,0,-0.0,-0.0017130570906970233,0.6820194430494714,0.7623264078792571
2026-04-13 00:00:00+05:30,371.41125529107444,375.5710734405446,364.6763432853397,370.1732177734375,710034,0.0,0.0,HAPPSTMNDS.NS,382.82347564697267,379.31883850097654,378.81293830844965,46.11697313015719,-1.4893531543625613,-0.40760219727096747,-1.081750957091594,406.8091234810753,358.83782781287005,47.971295668205244,18.487010625462325,-0.013331511266312157,0.04101459532517134,-0.03304462416301978,0.010702288143054961,Sideways,Sideways,0,-0.0,-0.013331511266312157,0.6820194430494714,0.7521634447840075
2026-04-15 00:00:00+05:30,374.8777652399412,378.74043630034663,373.2435617404072,377.2547912597656,1219328,0.0,0.0,HAPPSTMNDS.NS,381.4294464111328,378.85630798339844,378.6645433514321,49.030318447948225,-1.4469833437170792,-0.6154784265601898,-0.8315049171568893,403.20502681390116,359.65386600836445,43.55116080553671,17.778454046994238,0.019130431771707368,0.04133335645282756,-0.010944763679486415,-0.009713809827546549,Sideways,Sideways,0,0.0,0.019130431771707368,0.6820194430494714,0.7665526562456204
2026-04-16 00:00:00+05:30,381.21650757795095,386.96101981306805,376.5119649962167,378.0471496582031,1241850,0.0,0.0,HAPPSTMNDS.NS,380.8574737548828,378.42943298339844,378.605743952077,49.36023812444262,-1.3340897070827964,-0.7592006826647111,-0.5748890244180853,402.35565329417426,359.3592942155913,42.99635907858294,17.25492553055546,0.002100326932340746,0.040467924824333645,-0.007378939079158966,-0.020041978232056223,Down,Sideways,0,0.0,0.002100326932340746,0.6820194430494714,0.7681626674345904
2026-04-17 00:00:00+05:30,378.047140876709,381.7117137199377,374.67965471600604,378.2452087402344,739393,0.0,0.0,HAPPSTMNDS.NS,381.08279571533205,377.80546203613284,378.5714072652348,49.44832063104368,-1.2146373902747882,-0.8502880241867266,-0.3643493660880617,402.37124890706974,359.79434252359437,42.576906383475375,16.52472077865376,0.00052390047699169,0.0393746704212638,-0.007446116715322278,-0.054333595361559794,Down,Sideways,0,0.0,0.00052390047699169,0.6820194430494714,0.7685651082224666
2026-04-20 00:00:00+05:30,379.3346914978973,380.2756120918228,370.9160364646542,374.8282470703125,466323,0.0,0.0,HAPPSTMNDS.NS,380.9713729858398,377.2636975097656,378.21491581809937,47.90033615842783,-1.3797855101452114,-0.9561875213784237,-0.4235979887667878,402.36601176008827,359.5767342115914,42.7892775484969,16.012924696404816,-0.009033720959221836,0.0393973349072537,-0.016124901635996815,-0.006738030732174494,Sideways,Sideways,0,-0.0,-0.009033720959221836,0.6820194430494714,0.7616221054957907
2026-04-21 00:00:00+05:30,376.363385627792,378.9385095745606,372.4016657790784,374.1349182128906,546506,0.0,0.0,HAPPSTMNDS.NS,380.66433868408205,376.4485736083984,377.8263446176033,47.574891823735726,-1.5487592962750796,-1.074701876357755,-0.47405741991732464,402.2653593075611,359.063318060603,43.20204124695806,15.336061774910343,-0.0018497241412326337,0.039353155542002215,-0.017152698079791168,-0.018398400019967953,Sideways,Sideways,0,-0.0,-0.0018497241412326337,0.6820194430494714,0.7602133147007587
2026-04-22 00:00:00+05:30,374.3825418746951,377.0567149782958,370.61891994605895,373.5902099609375,442998,0.0,0.0,HAPPSTMNDS.NS,380.9391845703125,376.04844055175784,377.42290322173034,47.302975066772845,-1.706948997287327,-1.2011513005436694,-0.5057976967436577,402.0271989057416,359.85117023488334,42.17602867085827,14.700471293290809,-0.0014559139642859042,0.03863448519131664,-0.019291726624721978,-0.015509070395180347,Sideways,Sideways,0,-0.0,-0.0014559139642859042,0.6820194430494714,0.7591065095200498
2026-04-23 00:00:00+05:30,373.7387741155831,375.91770202440466,369.9256124932385,370.4703369140625,378819,0.0,0.0,HAPPSTMNDS.NS,379.1167922973633,375.66118225097654,376.7607540495715,45.692117654338745,-2.0603131485742665,-1.3729836701497888,-0.6873294784244777,396.95937011303465,361.27421448169196,35.685155631342695,14.07844402456762,-0.008351056756014108,0.029896626275432783,-0.02280683831202836,-0.0025397106257123436,Sideways,Sideways,0,-0.0,-0.008351056756014108,0.6820194430494714,0.7527671679751881
2026-04-24 00:00:00+05:30,370.4208181009506,373.3921080857176,356.55479817203803,357.69378662109375,724302,0.0,0.0,HAPPSTMNDS.NS,377.5568649291992,375.14714904785154,374.9448523897165,39.725844269217134,-3.3328980409182805,-1.7649665443034872,-1.5679314966147933,397.08379200231235,358.02993785608606,39.053854146226286,14.275505873789902,-0.034487377314455614,0.02927921093034481,-0.052609501119335364,0.03308881306997491,Up,Sideways,0,-0.0,-0.034487377314455614,0.6820194430494714,0.7268062026232935
2026-04-27 00:00:00+05:30,359.6746599197411,374.97681599771647,358.88232798469494,372.3026428222656,780129,0.0,0.0,HAPPSTMNDS.NS,376.39311065673826,374.75394836425784,374.69321338329263,48.07472003706437,-3.1265769001722106,-2.037288615477232,-1.0892882846949785,394.18228297479504,358.6039383386815,35.57834463611357,14.490328981135104,0.04084179470706628,0.030617383339416812,-0.010867541723427146,-0.0013302061303092083,Sideways,Sideways,0,0.0,0.04084179470706628,0.6820194430494714,0.7564902723426565
2026-04-28 00:00:00+05:30,371.41125244375195,372.8473880434111,366.45910241116854,367.2514343261719,341265,0.0,0.0,HAPPSTMNDS.NS,375.04117279052736,374.30231201171875,373.9844725207097,45.716761907419794,-3.332244183889486,-2.296279729159683,-1.035964454729803,391.22130429163155,358.86104128942316,32.3602630022084,13.911611599071351,-0.013567479558572848,0.03071589387259914,-0.020770355442297803,0.01483277305023778,Sideways,Sideways,0,-0.0,-0.013567479558572848,0.6820194430494714,0.7462266060363884
2026-04-29 00:00:00+05:30,369.52942553232236,371.06457988597555,365.4686566357097,367.7961730957031,315041,0.0,0.0,HAPPSTMNDS.NS,374.16959381103516,373.8823699951172,373.3951106707091,46.02422703771767,-3.4119502828633017,-2.519413839900407,-0.8925364429628946,389.9335646891839,358.4056229328864,31.527941756297537,13.317633859870957,0.0014832856147470874,0.030367660872498925,-0.017033507855132572,0.0441632450197873,Up,Sideways,0,0.0,0.0014832856147470874,0.6820194430494714,0.7473334732264637
2026-04-30 00:00:00+05:30,367.7961969140267,376.66052752861526,360.41748111579574,369.5294494628906,547076,0.0,0.0,HAPPSTMNDS.NS,374.7663299560547,373.73182495117186,373.02695246044067,47.05187629230419,-3.2972483962681736,-2.6749807511739605,-0.6222676450942131,388.7820120583659,360.75064785374343,28.03136420462249,13.526591899367284,0.004712600331315819,0.02554014748816673,-0.013973721955700052,0.040605707893165865,Up,Sideways,0,0.0,0.004712600331315819,0.6820194430494714,0.7508553571999942
2026-05-01 00:00:00+05:30,369.5294494628906,369.5294494628906,369.5294494628906,369.5294494628906,0,0.0,0.0,HAPPSTMNDS.NS,373.7932327270508,373.755595703125,372.6938569368645,47.05187629230419,-3.1698067655025284,-2.7739459540396743,-0.3958608114628541,386.3497515809861,361.2367138731155,25.113037707870603,12.560406763698193,0.0,0.015628205707120788,-0.011406796300332285,0.04677018031849878,Up,Sideways,0,0.0,0.0,0.6820194430494714,0.7508553571999942
2026-05-04 00:00:00+05:30,371.41123762276027,374.184429440134,364.4782278538021,371.8074035644531,415365,0.0,0.0,HAPPSTMNDS.NS,372.91422576904296,373.54760498046875,372.6094328061587,48.54508136754089,-2.852119043661105,-2.7895805719639606,-0.06253847169714444,383.2451383827927,362.58331315529324,20.661825227499435,12.35653496531489,0.006164472425333134,0.01573030099075426,-0.0029680342773389418,0.013052776383574827,Sideways,Sideways,0,0.0,0.006164472425333134,0.6820194430494714,0.7554839843448672
2026-05-05 00:00:00+05:30,371.80741056194046,375.86817954814524,369.82655059067224,372.69879150390625,312392,0.0,0.0,HAPPSTMNDS.NS,372.4635803222656,373.215810546875,372.6179431583251,49.14940749095813,-2.4996077559525247,-2.7315860087616732,0.23197825280914852,381.97386950963215,362.9532911348991,19.020578374733077,11.905470250469039,0.0023974453733506262,0.015202102042399319,0.0006315011562664066,-0.04344932780046562,Down,Sideways,0,0.0,0.0023974453733506262,0.6820194430494714,0.7572952159277753
2026-05-06 00:00:00+05:30,374.8282583813507,400.1337336546986,374.8282583813507,384.03924560546875,2967346,0.0,0.0,HAPPSTMNDS.NS,372.95632019042966,373.2395812988281,373.7056862485292,56.19778168596534,-1.2902865309171716,-2.443326113192773,1.1530395822756012,383.7118470574325,362.2007933234268,21.511053734005714,13.014718243349273,0.030427933656027584,0.01607714360471498,0.029716416682200743,-0.08729853106252783,Down,Sideways,0,0.0,0.030427933656027584,0.6820194430494714,0.7803381445160527
2026-05-07 00:00:00+05:30,385.178227812059,387.01052938978364,378.7899723336465,384.5344543457031,821334,0.0,0.0,HAPPSTMNDS.NS,373.2460220336914,373.2673132324219,374.7369974958791,56.48144939217546,-0.2886046855184645,-2.0123818276579115,1.723777142139447,384.8849709280822,361.6070731393006,23.277897788781615,12.672278158548407,0.0012894743073814663,0.015876962097675317,0.03024394540229754,-0.08164843646146858,Down,Sideways,0,0.0,0.0012894743073814663,0.6820194430494714,0.7813443705044758
2026-05-08 00:00:00+05:30,383.84111856988136,390.92271695806613,378.54234246896505,386.8124084472656,1051985,0.0,0.0,HAPPSTMNDS.NS,373.79570922851565,373.53472900390625,375.88703663410644,57.83419320845273,0.6811948616908694,-1.4736664897881555,2.154861351479025,386.8242232450091,360.7671952120222,26.057028032986864,12.651427896445027,0.005923927169123155,0.01578107194008825,0.034823030059963504,-0.0750223134879976,Down,Sideways,0,0.0,0.005923927169123155,0.6820194430494714,0.7859729976493487
2026-05-11 00:00:00+05:30,385.27727567813946,385.27727567813946,374.9768095714382,376.6605224609375,604022,0.0,0.0,HAPPSTMNDS.NS,373.8699920654297,373.8110589599609,375.9607019509475,50.32623236564261,0.6234093586100471,-1.0542513201085149,1.677660678718562,386.94596706398306,360.79401706687634,26.151949997106726,12.593154394972341,-0.026244985333018667,0.01695835462714104,0.007463905782038372,-0.05798056328049983,Down,Sideways,0,-0.0,-0.026244985333018667,0.6820194430494714,0.7653451478538928
2026-05-12 00:00:00+05:30,376.3633883353418,377.35381830464536,353.93015557572164,356.5052795410156,846073,0.0,0.0,HAPPSTMNDS.NS,373.1865951538086,373.7546044921875,374.10780457857305,39.39233425868566,-1.0367942098785647,-1.050759898062525,0.013965688183960268,388.24270411281435,358.1304861948028,30.112217918011538,13.366762133111724,-0.05351036734148884,0.020642136131575974,-0.04469966453622957,0.0016668428641928301,Sideways,Sideways,0,-0.0,-0.05351036734148884,0.6820194430494714,0.7243912478492049
2026-05-13 00:00:00+05:30,357.2481259719145,360.9622386058385,348.6313725710004,350.51318359375,547578,0.0,0.0,HAPPSTMNDS.NS,371.8495147705078,373.64070556640627,371.8606978181137,36.830430535357884,-2.8037101387055827,-1.4013499461911367,-1.402360192514446,389.71126036333453,353.9877691776811,35.723491185653415,13.292769554663607,-0.016807874360178277,0.020297004723157527,-0.057378940483291584,0.057219482176663394,Up,Sideways,0,-0.0,-0.016807874360178277,0.6820194430494714,0.7122157707677428
2026-05-14 00:00:00+05:30,354.0292285959797,354.82156053487716,344.3725357412273,353.1378173828125,449547,0.0,0.0,HAPPSTMNDS.NS,370.60404815673826,373.52482543945314,370.07756634808504,38.710659240077185,-3.946722371693852,-1.91042443129168,-2.036297940402172,389.97362728134226,351.23446903213426,38.739158249208,13.089644928876911,0.007487974523961105,0.020410291894937864,-0.04712908793305687,0.0426307638861283,Up,Sideways,0,0.0,0.007487974523961105,0.6820194430494714,0.7175488243148149
2026-05-15 00:00:00+05:30,353.7816171669836,363.1411627718012,352.74164750498676,357.7928466796875,520249,0.0,0.0,HAPPSTMNDS.NS,369.58143005371096,373.55354858398437,368.90759304633286,42.00760780535666,-4.425926514920263,-2.413524848017397,-2.0124016669028664,389.3840943686533,349.77876573876864,39.60532862988464,12.897492810158164,0.013181905385762693,0.02072575173960511,-0.031897120405400874,0.022837379509450306,Up,Sideways,0,0.0,0.013181905385762693,0.6820194430494714,0.7270074850265981
2026-05-18 00:00:00+05:30,356.25766873546854,356.25766873546854,347.7399650335686,354.821533203125,338573,0.0,0.0,HAPPSTMNDS.NS,368.5810943603516,373.7595574951172,367.56606353745593,40.509660410831984,-4.987961303157647,-2.928412139045447,-2.0595491641122,389.2258980944512,347.93629062625195,41.28960746819928,12.694306298441075,-0.00830456367179011,0.020714421238790286,-0.03733116366455367,0.04200978223399887,Up,Sideways,0,-0.0,-0.00830456367179011,0.6820194430494714,0.7209700050773267
2026-05-19 00:00:00+05:30,354.8215409544981,367.74664012585487,354.8215409544981,357.0995178222656,923537,0.0,0.0,HAPPSTMNDS.NS,367.7293243408203,374.1369110107422,366.56924965981875,42.21103722079404,-5.189739514601342,-3.3806776141566264,-1.809061900444716,388.788816277659,346.6698324039816,42.118983873677394,12.710792057318846,0.006420085609168957,0.02081110045338949,-0.02890660552461878,0.044931404578770984,Up,Sideways,0,0.0,0.006420085609168957,0.6820194430494714,0.7255986942315661
2026-05-20 00:00:00+05:30,357.0995128461554,375.8681728285966,353.9796644922876,370.5693664550781,2059401,0.0,0.0,HAPPSTMNDS.NS,367.57828216552736,374.8014892578125,366.95021316412914,51.11401071773422,-4.214167686595204,-3.5473756286443416,-0.6667920579508619,388.5104133870403,346.64615094401444,41.86426244302584,13.366343220103856,0.03772015351618774,0.022640194497287307,0.008137271527385366,0.011893698142696252,Sideways,Sideways,0,0.0,0.03772015351618774,0.6820194430494714,0.7529683883691262
2026-05-21 00:00:00+05:30,370.5693782484929,373.3921097920257,366.45909979588725,368.1923522949219,377395,0.0,0.0,HAPPSTMNDS.NS,367.4643829345703,375.47993408203126,367.0685121289665,49.660055213642856,-3.5914254445333995,-3.5561855918221537,-0.035239852711245856,388.3570813152593,346.57168455388137,41.78539676137791,12.906819418392038,-0.0064144917937905,0.022607441555361513,0.0019810610066150853,0.018426385837228887,Sideways,Sideways,0,-0.0,-0.0064144917937905,0.6820194430494714,0.7481384788209487
2026-05-22 00:00:00+05:30,368.1923652824433,371.55982135424546,364.87441862215,365.9638977050781,303545,0.0,0.0,HAPPSTMNDS.NS,367.87788848876954,376.0533935546875,366.96331075526285,48.27368781561047,-3.2403625105462197,-3.4930209755669672,0.2526584650207475,388.3028310584228,347.4529459191163,40.84988513930648,12.462432512227995,-0.006052419546342835,0.0211775875686482,-0.0052027883261862515,0.005954016480284041,Sideways,Sideways,0,-0.0,-0.006052419546342835,0.6820194430494714,0.7436104308683616
2026-05-25 00:00:00+05:30,368.09330508279953,372.5502401025105,366.95431662286734,369.7275085449219,325554,0.0,0.0,HAPPSTMNDS.NS,367.74913177490237,375.51558959960937,367.22656768761135,50.77321693189302,-2.628154931046879,-3.3200477666629498,0.6918928356160707,388.09318482478,347.40507872502474,40.68810609975526,12.042711789742594,0.01028410415192571,0.019187848059555656,0.005379691205445087,0.014867401207620423,Sideways,Sideways,0,0.0,0.01028410415192571,0.6820194430494714,0.7512577979878702
2026-05-26 00:00:00+05:30,373.1445007324219,377.15573012321084,370.4208182453239,373.1445007324219,463227,0.0,0.0,HAPPSTMNDS.NS,368.04378509521484,374.8232788085937,367.79018035854574,52.99408691960826,-1.8459740611422149,-3.025233025558803,1.1792589644165883,388.5207397727789,347.5668304176508,40.953909355128076,11.713105346067335,0.00924192035628546,0.019026844217780014,0.013858991358561997,0.0046449722458921094,Sideways,Sideways,0,0.0,0.00924192035628546,0.6820194430494714,0.7582008627239125
2026-05-27 00:00:00+05:30,373.14450508283716,380.57273013425396,372.946406991256,374.976806640625,537529,0.0,0.0,HAPPSTMNDS.NS,368.40281677246094,374.220107421875,368.47462095683903,54.187643443546364,-1.0659506967603534,-2.6333765597991134,1.56742586303876,389.1004290283545,347.7052045165674,41.39522451178709,11.421192331562379,0.00491044596558865,0.019047131844929115,0.017844570043622655,-0.022451176993368738,Down,Sideways,0,0.0,0.00491044596558865,0.6820194430494714,0.761923967091381
2026-05-28 00:00:00+05:30,374.976806640625,374.976806640625,374.976806640625,374.976806640625,0,0.0,0.0,HAPPSTMNDS.NS,368.67518463134763,373.92991149902343,369.09387673624724,54.187643443546364,-0.4426736939340117,-2.1952359866260935,1.7525622926920819,389.5673847167052,347.7829845459901,41.78440017071512,10.605392879307924,0.0,0.01902976915632532,0.017092612337276235,-0.035261539613452686,Down,Sideways,0,0.0,0.0,0.6820194430494714,0.761923967091381
2026-05-29 00:00:00+05:30,384.2868501180555,390.22943027452027,362.69548763977707,368.1428527832031,1614645,0.0,0.0,HAPPSTMNDS.NS,368.6058547973633,373.8179931640625,369.0033030264335,48.82503054619373,-0.49446525363435967,-1.855081840027747,1.3606165863933872,389.49545794490825,347.71625164981833,41.77920629508992,11.814575004696158,-0.018225004150647317,0.019505826736860774,-0.0012560896907475804,-0.018159865807919173,Sideways,Sideways,0,-0.0,-0.018225004150647317,0.6820194430494714,0.7480378996286629
2026-06-01 00:00:00+05:30,374.38252424228244,385.22774437601834,371.8569399387939,375.2243957519531,1430324,0.0,0.0,HAPPSTMNDS.NS,368.7767044067383,373.7813470458984,369.5957880479116,53.91458982468913,0.035501655829875745,-1.4769651408562223,1.512466796686098,389.8235520395249,347.7298567739517,42.09369526557316,12.191026189561805,0.019235856177059363,0.01993764787522897,0.017483998496020534,-0.06770484751434136,Down,Sideways,0,0.0,0.019235856177059363,0.6820194430494714,0.7624270490809094
2026-06-02 00:00:00+05:30,376.1652934629091,390.625577183305,371.75789819719313,374.87774658203125,3688969,0.0,0.0,HAPPSTMNDS.NS,368.88565216064455,373.67338989257814,370.09883171782775,53.633396607958545,0.4226603929282646,-1.097040034099325,1.5197004270275896,390.03489107155565,347.73641324973346,42.29847782182219,12.667929960743951,-0.0009238449680948335,0.019936141931285616,0.016243771982698916,-0.06789957728732199,Down,Sideways,0,-0.0,-0.0009238449680948335,0.6820194430494714,0.7617226846880766
2026-06-03 00:00:00+05:30,376.01673005915205,376.7595525326887,361.5069371211741,366.5581359863281,947285,0.0,0.0,HAPPSTMNDS.NS,368.0115966796875,373.64268676757814,369.76162260054207,47.26234247158688,0.057500605038399044,-0.8661319062717802,0.9236325113101792,387.9963809423649,348.0268124170101,39.969568525354816,12.852550350084714,-0.022192863330932955,0.019236053904068136,-0.003949496989966999,-0.05741689732992317,Down,Sideways,0,-0.0,-0.022192863330932955,0.6820194430494714,0.7448178772507228
2026-06-04 00:00:00+05:30,363.4877995694035,366.5581385264024,359.8727362182458,361.7545471191406,566440,0.0,0.0,HAPPSTMNDS.NS,366.8726013183594,372.7394140625,368.9990439832657,44.01154354667688,-0.6124407977283681,-0.8153936845630978,0.20295288683472967,385.51211657610105,348.2330860606177,37.27903051548333,12.412039775661276,-0.013104575770121918,0.019369442714847734,-0.013950494479083465,-0.05544141192155572,Down,Sideways,0,-0.0,-0.013104575770121918,0.6820194430494714,0.7350573549433493
2026-06-05 00:00:00+05:30,363.83445385047327,367.8456831203066,359.52607745569287,361.4574279785156,484602,0.0,0.0,HAPPSTMNDS.NS,365.6048522949219,372.19071594238284,368.2807948399562,43.81081659156738,-1.1540460926213427,-0.8831241661747469,-0.27092192644659585,381.9556448595158,349.254059730328,32.70158512918783,12.119723053443593,-0.0008213280053869232,0.019266738464750105,-0.01134400785540088,-0.0411015078472341,Down,Sideways,0,-0.0,-0.0008213280053869232,0.6820194430494714,0.7344536317521687
2026-06-08 00:00:00+05:30,358.53565709302967,358.6347061373316,348.3342402659517,349.81988525390625,522397,0.0,0.0,HAPPSTMNDS.NS,364.2628204345703,371.27555908203124,366.5226129746181,36.74240243924641,-2.4935801895277336,-1.2052153708453441,-1.2883648186823895,381.16050334575124,347.36513752338936,33.79536582236187,12.191399100523617,-0.032196164261150795,0.019682748308207564,-0.03964976486876547,-0.004388506292213323,Sideways,Sideways,0,-0.0,-0.032196164261150795,0.6820194430494714,0.7108070419820771
2026-06-09 00:00:00+05:30,354.6730034024974,355.4158259325673,345.6600839925436,349.4237060546875,508178,0.0,0.0,HAPPSTMNDS.NS,363.9087417602539,370.3782293701172,364.8941456489104,36.526348611863064,-3.546259886021403,-1.673424273880556,-1.872835612140847,381.7141953043006,346.10328821620726,35.61090708809331,12.017423589059337,-0.001132523381085604,0.01577567976322617,-0.039804033383482935,-0.0014173029741004761,Sideways,Sideways,0,-0.0,-0.001132523381085604,0.6820194430494714,0.7100020363875921
2026-06-10 00:00:00+05:30,350.1169984962974,352.09785845950137,342.738283043153,345.5115051269531,549579,0.0,0.0,HAPPSTMNDS.NS,363.6586578369141,369.58390441894534,363.0481798849145,34.376675359783306,-4.64268012239819,-2.267275443584083,-2.3754046788141068,382.329155298531,344.9881603752971,37.34099492323389,11.827577291008554,-0.011196152006704652,0.015525484842907727,-0.04990161053198189,0.01992258950737269,Sideways,Sideways,0,-0.0,-0.011196152006704652,0.6820194430494714,0.7020527456631267
2026-06-11 00:00:00+05:30,342.6887942991395,345.85818252159635,338.231859113168,341.6983642578125,401662,0.0,0.0,HAPPSTMNDS.NS,363.08668518066406,369.26597717285154,361.0148641109048,32.37661104072812,-5.7529729681245385,-2.9644149484921742,-2.7885580196323643,383.6193943694239,342.5539759919042,41.06541837751968,11.52748772796711,-0.011036219670136682,0.015569815650378729,-0.058906927176933514,0.01695649424673462,Sideways,Sideways,0,-0.0,-0.011036219670136682,0.6820194430494714,0.6943047373419658
2026-06-12 00:00:00+05:30,354.1282263135035,354.9700978393611,343.629692733947,346.6009826660156,1806738,0.0,0.0,HAPPSTMNDS.NS,362.52709197998047,368.4181689453125,359.6421134971058,37.41809933750984,-6.166207513060613,-3.604773461405862,-2.5614340516547505,384.1855845566716,340.86859940328935,43.316985153382234,11.652076717508644,0.014347795954048115,0.015629865086365734,-0.0439308114242792,-0.013144709525164222,Sideways,Sideways,0,0.0,0.014347795954048115,0.6820194430494714,0.7042664800432773
2026-06-15 00:00:00+05:30,352.39497688258666,354.27681803616053,347.19521945676547,348.2846984863281,640993,0.0,0.0,HAPPSTMNDS.NS,362.20025024414065,367.5961120605469,358.5604549246508,39.09737964338706,-6.285383088093226,-4.140895386743336,-2.144487701349891,384.5017530160689,339.8987474722124,44.60300554385651,11.368059478411235,0.004857792979585662,0.015604116634623067,-0.038419497911535844,-0.009242159078134082,Sideways,Sideways,0,0.0,0.004857792979585662,0.6820194430494714,0.707687660805789
2026-06-16 00:00:00+05:30,351.60263980958,352.74162823146395,345.85815806628096,348.928466796875,717947,0.0,0.0,HAPPSTMNDS.NS,361.7916976928711,366.9404473876953,357.64312272200544,39.76293431994943,-6.255771230789094,-4.563870555552487,-1.6919006752366066,384.7419464510879,338.84144893465424,45.90049751643369,11.047731670323502,0.001848396766624294,0.015525858196332502,-0.03555424565578567,-0.02143053055147215,Down,Sideways,0,0.0,0.001848396766624294,0.6820194430494714,0.7089957483898024
2026-06-17 00:00:00+05:30,349.12658203799447,359.62514629473856,348.0371029709268,352.3949890136719,1029547,0.0,0.0,HAPPSTMNDS.NS,360.88297882080076,366.504658203125,357.1433004640689,43.352777349832046,-5.88474853064065,-4.8280461505701195,-1.0567023800705302,383.81027633120834,337.9556813103932,45.85459502081517,11.086325359858376,0.009934764705841204,0.012895024061623328,-0.02352006136411233,-0.027121973929962184,Down,Sideways,0,0.0,0.009934764705841204,0.6820194430494714,0.7160394543274968
2026-06-18 00:00:00+05:30,353.38541095421874,353.9301655880606,345.75911811015555,347.49237060546875,743013,0.0,0.0,HAPPSTMNDS.NS,359.8479797363281,365.879697265625,356.22416428705935,39.74520401213618,-5.918090635388012,-5.046055047533699,-0.8720355878543131,383.22643922941194,336.4695202432443,46.75691898616765,10.87809122543314,-0.013912281845792407,0.013123865704271254,-0.03433563567568923,-0.023941851100808598,Down,Sideways,0,-0.0,-0.013912281845792407,0.6820194430494714,0.7060777116261853
2026-06-19 00:00:00+05:30,340.4108099399559,344.7686959825403,336.9443048702029,342.0450134277344,1002606,0.0,0.0,HAPPSTMNDS.NS,358.65203552246095,365.20422424316405,354.8737689671236,36.146041698332134,-6.311317750033368,-5.299107588033633,-1.012210161999735,383.08028698211126,334.22378406281064,48.856502919300624,10.854517976135474,-0.015676192165724134,0.01342217546267765,-0.04630399509801902,-0.00839729656978494,Sideways,Sideways,0,-0.0,-0.015676192165724134,0.6820194430494714,0.6950091017347985
2026-06-22 00:00:00+05:30,346.40288240457494,347.83901795293076,344.57058091286984,345.0657958984375,433207,0.0,0.0,HAPPSTMNDS.NS,357.41894989013673,364.6020428466797,353.9396762939154,39.42208266401614,-6.306503722533762,-5.5005868149336585,-0.8059169076001034,381.97585176230587,332.8620480179676,49.11380374433827,10.493052729639825,0.00883153489194588,0.013348599919442733,-0.0345621126006227,-0.030855348083454692,Down,Sideways,0,0.0,0.00883153489194588,0.6820194430494714,0.7011470988669893
2026-06-23 00:00:00+05:30,345.0658081063408,345.66007215515094,339.71749211809964,341.45074462890625,397619,0.0,0.0,HAPPSTMNDS.NS,355.8342620849609,364.02759338378905,352.75025423058116,36.977109214641025,-6.519243218529141,-5.704318095652756,-0.8149251228763852,380.21734256701114,331.4511816029107,48.766160964100436,10.168018965883501,-0.010476411491666004,0.013094584098578324,-0.04042195760401619,-0.01073247569100777,Sideways,Sideways,0,-0.0,-0.010476411491666004,0.6820194430494714,0.6938015933430709
2026-06-24 00:00:00+05:30,341.450745342157,345.3629559649313,338.9251609113446,342.83734130859375,402745,0.0,0.0,HAPPSTMNDS.NS,354.2272888183594,363.3392443847656,351.80616728563,38.55133638462814,-6.5010143908749,-5.863657354697185,-0.6373570361777148,377.5661351693715,330.8884424673473,46.67769270202416,9.901574400719442,0.004060898098771082,0.013064318594209492,-0.032154347983071915,-0.026722493153431004,Down,Sideways,0,0.0,0.004060898098771082,0.6820194430494714,0.6966190509144021
2026-06-25 00:00:00+05:30,346.65049429652373,346.65049429652373,337.5880659907338,339.1727600097656,533768,0.0,0.0,HAPPSTMNDS.NS,352.4370864868164,362.5617565917969,350.6029856403096,35.992513927074256,-6.704978183463936,-6.0319215204505365,-0.6730566630133996,374.5979014764132,330.27627149721957,44.32162997919363,9.84163539393876,-0.01068897945842362,0.013093930716501596,-0.03763601217247872,0.02774128480864646,Up,Sideways,0,-0.0,-0.01068897945842362,0.6820194430494714,0.6891729041888315
2026-06-26 00:00:00+05:30,339.1727600097656,339.1727600097656,339.1727600097656,339.1727600097656,0,0.0,0.0,HAPPSTMNDS.NS,350.9885818481445,361.7803076171875,349.51439272311495,35.992513927074256,-6.788368867874567,-6.183210989935343,-0.6051578779392237,372.63490510722767,329.3422585890614,43.29264651816629,9.13866143722885,0.0,0.012749126929395227,-0.03366440519563972,0.022192973861016707,Up,Sideways,0,0.0,0.0,0.6820194430494714,0.6891729041888315
2026-06-29 00:00:00+05:30,339.81652603789223,340.7079069586677,331.893086341179,334.4186706542969,468218,0.0,0.0,HAPPSTMNDS.NS,348.9482955932617,360.9721160888672,348.0767049070371,32.72448506348475,-7.155586716007235,-6.377686135149722,-0.777900580857513,368.68024164294576,329.2163495435777,39.46389209936808,9.115529950104554,-0.014016719253432619,0.011681311574074673,-0.04163833187453292,0.028728085764937683,Up,Up,1,-0.014016719253432619,-0.014016719253432619,0.6724597679908645,0.6795129610737438
2026-06-30 00:00:00+05:30,336.746193423021,340.21269835531683,331.9921416060822,337.7861328125,470521,0.0,0.0,HAPPSTMNDS.NS,347.09371490478514,360.24514038085937,347.0966504218431,37.08227958564899,-7.093118399604805,-6.520772588040739,-0.572345811564066,363.40454893190923,330.78288087766106,32.621668054248175,9.051603292899559,0.010069599737402957,0.012165257479104359,-0.026815760967721366,0.024776448207971757,Up,Sideways,0,0.0,0.010069599737402957,0.6724597679908645,0.686355384608134
2026-07-01 00:00:00+05:30,336.74621195685796,341.7974111813161,332.7844918161891,333.6758728027344,398006,0.0,0.0,HAPPSTMNDS.NS,345.4496017456055,359.4468536376953,345.8184811247851,34.1726380998434,-7.2912267177368335,-6.674863413979958,-0.6163633037568754,360.1283562590788,330.77084723213216,29.357509026946673,9.04884015520152,-0.012168231938778806,0.011619281668725938,-0.034082334683197796,0.022113353791436197,Up,Up,1,-0.012168231938778806,-0.012168231938778806,0.6642771215644543,0.6780036530957925
2026-07-02 00:00:00+05:30,331.7940476721059,359.4270384331256,331.7940476721059,348.58184814453125,2765132,0.0,0.0,HAPPSTMNDS.NS,344.790966796875,359.0090838623047,346.08165893618946,49.61326856398286,-6.174268230685755,-6.574744377321118,0.4004761466353637,357.5394011657681,332.04253242798194,25.496868737786144,10.376279484188533,0.044672020235065446,0.015822016981714492,0.010994723507038808,0.038783943381079045,Up,Sideways,0,0.0,0.044672020235065446,0.6642771215644543,0.708291446006336
2026-07-03 00:00:00+05:30,350.61222282880567,354.0787278567741,345.6600727888508,346.70001220703125,931136,0.0,0.0,HAPPSTMNDS.NS,344.05309600830077,358.7892083740234,346.1405497238887,48.07996288126935,-5.378914240338759,-6.335578349924647,0.9566641095858888,354.3253630836461,333.78082893295544,20.54453415069065,10.236449168741016,-0.00539854828218056,0.015841199084994102,0.00769333637580933,0.10355660486805962,Up,Sideways,0,-0.0,-0.00539854828218056,0.6642771215644543,0.7044677004372153
2026-07-06 00:00:00+05:30,347.5914330794684,349.2256365930818,343.18400733089584,344.02587890625,325200,0.0,0.0,HAPPSTMNDS.NS,343.76339569091795,358.22367309570313,345.93915250316115,45.90870252892795,-4.9077966566210875,-6.050022011263936,1.1422253546428482,353.68976170699534,333.83702967484055,19.85273203215479,9.936819175415653,-0.007713104143718286,0.01424783434850912,0.0007635577802124575,0.17331207908425772,Up,Sideways,0,-0.0,-0.007713104143718286,0.6642771215644543,0.6990340676978574
2026-07-07 00:00:00+05:30,346.10576402936374,347.7894768378083,343.6791985202074,346.1552734375,467301,0.0,0.0,HAPPSTMNDS.NS,343.59997406005857,357.8017498779297,345.95973544928864,47.925358571895174,-4.312891901567411,-5.702595989324631,1.3897040877572193,353.2520364777745,333.94791164234266,19.30412483543182,9.520637685571742,0.0061896347391652284,0.014331038277984485,0.007436843918372307,0.12389128061320931,Up,Sideways,0,0.0,0.0061896347391652284,0.6642771215644543,0.70336083324714
2026-07-08 00:00:00+05:30,343.67919879904224,354.5244190357922,338.9746564523695,341.0545654296875,690138,0.0,0.0,HAPPSTMNDS.NS,343.3771270751953,357.26691772460936,345.49257639980283,43.72052497840793,-4.204542753341514,-5.402985342128008,1.1984425887864942,353.04815063095214,333.70610351943844,19.342047111513693,9.951289463989667,-0.014735317931631742,0.014492648036559213,-0.006763879892906139,0.11558003292149843,Up,Sideways,0,-0.0,-0.014735317931631742,0.6642771215644543,0.692996587748586
2026-07-09 00:00:00+05:30,341.84692050260804,370.222734957552,341.54980358234667,362.1012268066406,3673850,0.0,0.0,HAPPSTMNDS.NS,344.3972702026367,357.11835327148435,347.0743526290255,59.50740965280332,-2.392802852116006,-4.800948844125608,2.4081459920096018,357.0036440605455,331.7908963447279,25.212747715817613,11.323923754266442,0.06171053992617548,0.019858153803374842,0.05140562407358002,0.043216570491531936,Up,Sideways,0,0.0,0.06171053992617548,0.6642771215644543,0.7357617813455485
2026-07-10 00:00:00+05:30,368.93516677386924,390.2294112990724,366.5086012377643,382.60308837890625,4373075,0.0,0.0,HAPPSTMNDS.NS,346.19737548828124,357.3798260498047,350.45804174806176,68.71387530448553,0.6893960318411132,-3.7028798689322633,4.3922759007733765,367.1001213477884,325.2946296287741,41.8054917190143,12.524228092706823,0.05661914419089631,0.023104035465430165,0.10515883558989413,-0.00771842824095903,Sideways,Sideways,0,0.0,0.05661914419089631,0.6642771215644543,0.7774199837337028
2026-07-13 00:00:00+05:30,380.3251057051661,415.8815353236433,374.481574969905,403.64971923828125,9034683,0.0,0.0,HAPPSTMNDS.NS,348.9656265258789,358.01667236328126,355.5239157947493,74.99824635504356,4.775301368089913,-2.007243621527828,6.782544989617741,381.60846503990103,316.3227880118568,65.28567702804423,14.58678039706621,0.05500904592419742,0.025646541117602353,0.1567033786588348,-0.052520058904674816,Down,Sideways,0,0.0,0.05500904592419742,0.6642771215644543,0.8201851153212989
2026-07-14 00:00:00+05:30,405.63059612483016,415.6834848477545,384.48493971584446,389.0408935546875,3112937,0.0,0.0,HAPPSTMNDS.NS,350.9712478637695,358.34351440429685,358.71600891474344,65.20731958603102,6.756713455997158,-0.2544522060228309,7.011165662019989,387.99380811782953,313.9486876097095,74.04512050812002,15.773335020983628,-0.036191839080581434,0.027451069876731994,0.10846941429713587,-0.03274952832157152,Down,Sideways,0,-0.0,-0.036191839080581434,0.6642771215644543,0.7905011076113023
2026-07-15 00:00:00+05:30,387.25811460548357,391.96265691846577,379.5327730027959,380.4736633300781,1447365,0.0,0.0,HAPPSTMNDS.NS,352.3751815795898,358.27220275878904,360.7881664781087,60.24057722624723,7.548676487511216,1.3061735326839785,6.242502954827238,391.57287212570236,313.1774910334773,78.39538109222508,15.534517084889787,-0.022021413086758423,0.028119968977113382,0.07974024057123272,-0.034887174599339876,Down,Sideways,0,-0.0,-0.022021413086758423,0.6642771215644543,0.7730931561750538
2026-07-16 00:00:00+05:30,380.4736825291663,388.69426975251076,375.37297401965077,377.75,996841,0.0,0.0,HAPPSTMNDS.NS,353.88806304931643,358.136513671875,362.4035791944793,58.70955415343874,7.865863252394831,2.618111476626149,5.247751775768682,394.5243967441148,313.25172935451803,81.27266738959679,15.376429845459088,-0.007158611994952269,0.027930828863785884,0.06742792267440302,-0.03176704169424227,Down,Sideways,0,-0.0,-0.007158611994952269,0.6642771215644543,0.7675588822340436
2026-07-17 00:00:00+05:30,385.25,388.0,373.6499938964844,379.6499938964844,940087,3.65,0.0,HAPPSTMNDS.NS,355.76831207275393,357.9932653808594,364.04609488038454,59.48314584124937,8.176298398933227,3.7297488610875646,4.446549537845662,397.50383797002127,314.0327861754866,83.47105179453467,15.303113863891697,0.005029765444035439,0.027522583137677283,0.06712706279149079,-0.01870145191007566,Sideways,Sideways,0,0.0,0.005029765444035439,0.6642771215644543,0.7714195233761668
2026-07-20 00:00:00+05:30,379.6499938964844,388.70001220703125,377.8500061035156,382.45001220703125,669902,0.0,0.0,HAPPSTMNDS.NS,357.6375228881836,358.10905517578124,365.7988489114938,60.65309279852996,8.549702912886573,4.693739671447367,3.8559632414392064,400.6183579143928,314.6566878619744,85.96167005241841,14.98503473815055,0.007375262361548618,0.02751545677626441,0.06937887590336925,0.013727284174220422,Sideways,Sideways,0,0.0,0.007375262361548618,0.6642771215644543,0.7771089447518869
2026-07-21 00:00:00+05:30,385.0,386.8500061035156,374.3999938964844,376.29998779296875,437309,0.0,0.0,HAPPSTMNDS.NS,359.3799850463867,358.5049493408203,366.7989573763962,56.77525032063539,8.25422355702301,5.405836448562496,2.848387108460514,402.4202295071308,316.33974058564263,86.08048892148815,14.803961700213458,-0.016080596725758012,0.02771462315668509,0.0470810936908412,0.01886794136018377,Sideways,Sideways,0,-0.0,-0.016080596725758012,0.6642771215644543,0.7646125691993524
2026-07-22 00:00:00+05:30,379.0,379.8999938964844,366.0,367.20001220703125,521823,0.0,0.0,HAPPSTMNDS.NS,360.5981185913086,358.83868591308595,366.8371530745519,51.52584172217053,7.202733433100434,5.765215845470085,1.4375175876303494,403.071945808774,318.1242913738432,84.94765443493077,14.739392571375665,-0.024182768751361494,0.028486062660537367,0.018308175432287927,0.0502450465035682,Up,Sideways,0,-0.0,-0.024182768751361494,0.6642771215644543,0.74612212025402
2026-07-23 00:00:00+05:30,368.6499938964844,377.0,364.54998779296875,365.75,512934,0.0,0.0,HAPPSTMNDS.NS,361.92698059082034,359.0909295654297,366.7336146864993,50.72110076478871,6.181163462707218,5.848405368917512,0.3327580937897059,403.28470876808404,320.5692524135566,82.71545635452742,14.575865402493921,-0.00394883485519526,0.02834494948003122,0.010562957762747764,0.04019142093515038,Up,Sideways,0,-0.0,-0.00394883485519526,0.6642771215644543,0.7431758072193287
2026-07-24 00:00:00+05:30,364.0,374.6499938964844,353.79998779296875,372.54998779296875,594661,0.0,0.0,HAPPSTMNDS.NS,363.5958419799805,359.3860723876953,367.2875549823536,54.32390862369505,5.852796689186391,5.849283632971288,0.0035130562151035605,403.8244391739251,323.3672447860359,80.45719438788922,15.024018309709758,0.018591901006066225,0.028505992337246724,0.024626645244973048,0.012481612042479995,Sideways,Sideways,0,0.0,0.018591901006066225,0.6642771215644543,0.7569928582572538
2026-07-27 00:00:00+05:30,378.0,388.95001220703125,377.1499938964844,387.70001220703125,1510349,0.0,0.0,HAPPSTMNDS.NS,366.25990905761716,360.04364196777345,369.231598527561,61.140499114128076,6.737379692373793,6.026902844851789,0.7104768475220036,405.450363989518,327.06945412571633,78.38090986380166,15.122304460020668,0.04066574932350164,0.029191846508938604,0.058537947013035746,-0.009543492624538352,Sideways,Sideways,0,0.0,0.04066574932350164,0.6642771215644543,0.7877765400708243
2026-07-28 00:00:00+05:30,396.70001220703125,399.0,380.1000061035156,383.3999938964844,3467013,0.0,0.0,HAPPSTMNDS.NS,368.5406021118164,360.5696514892578,370.5809695150775,58.47317023301865,7.010628394401522,6.223647954761736,0.7869804396397857,406.1130764709106,330.9681277527222,75.1449487181884,15.392139419768075,-0.01109109666019481,0.029487868455779356,0.04031955149451784,0.012258769644895251,Sideways,Sideways,0,-0.0,-0.01109109666019481,0.6642771215644543,0.7790392343182649
2026-07-29 00:00:00+05:30,387.5,393.8500061035156,384.0,385.6499938964844,1284743,0.0,0.0,HAPPSTMNDS.NS,371.1393081665039,360.87126403808594,372.01611469425916,59.469552261493966,7.324306113717796,6.443779586552949,0.8805265271648475,405.78197152138,336.4966448116278,69.28532670975221,15.039130333144016,0.005868544694362932,0.029152460434983048,0.039097679525421127,0.03928430996047383,Up,Sideways,0,0.0,0.005868544694362932,0.6642771215644543,0.783611060883524
2026-07-30 00:00:00+05:30,386.0,391.8999938964844,377.8999938964844,380.45001220703125,992011,0.0,0.0,HAPPSTMNDS.NS,372.7327163696289,361.1164172363281,372.8193430288089,56.11831111124333,7.071783780533792,6.5693804253491175,0.5024033551846747,405.98220308641334,339.4832296528445,66.49897343356884,14.964906737919444,-0.013483681503308698,0.028149571832331115,0.020704637662526247,0.06755153335484154,Up,Sideways,0,-0.0,-0.013483681503308698,0.6642771215644543,0.7730450989161006
2026-07-31 00:00:00+05:30,380.3999938964844,380.3999938964844,371.8999938964844,377.20001220703125,649082,0.0,0.0,HAPPSTMNDS.NS,374.2577163696289,361.3411395263672,373.23654961721104,54.06755519275954,6.534089259884979,6.562322192256291,-0.028232932371311747,405.31696420575565,343.19846853350214,62.118495672253516,14.506700421678547,-0.008542515168146303,0.02821793951591494,0.007861683830979318,0.08085895814674493,Up,Sideways,0,-0.0,-0.008542515168146303,0.6642771215644543,0.7664413494329487
