Date,Open,High,Low,Close,Volume,Dividends,Stock Splits,symbol,SMA_20,SMA_50,EMA_20,RSI_14,MACD,MACD_signal,MACD_diff,BB_upper,BB_lower,BB_width,ATR_14,daily_return,volatility_20,price_vs_SMA20,future_return,signal_label
2025-08-04 00:00:00+05:30,1383.155066191865,1403.975263237478,1379.7841529413568,1399.4146728515625,6312820,0.0,0.0,RELIANCE.NS,,,,,,,,,,,0.0,,,,-0.017924189670189383,Sideways
2025-08-05 00:00:00+05:30,1398.918980991344,1398.918980991344,1376.2150271869518,1379.7841796875,9315972,0.0,0.0,RELIANCE.NS,,,,,,,,,,,0.0,-0.014027645661354837,,,-0.008119476339073062,Sideways
2025-08-06 00:00:00+05:30,1379.9824375441353,1383.9481891450812,1371.4560958071288,1380.874755859375,5834312,0.0,0.0,RELIANCE.NS,,,,,,,,,,,0.0,0.0007903961995867625,,,-0.007323380238162147,Sideways
2025-08-07 00:00:00+05:30,1375.818511047819,1381.7671392504185,1354.3043541251445,1377.5040283203125,9976705,0.0,0.0,RELIANCE.NS,,,,,,,,,,,0.0,-0.002441008878437123,,,-0.00727882541320124,Sideways
2025-08-08 00:00:00+05:30,1373.1415514013454,1385.2370458989403,1353.312792536344,1356.0888671875,8793606,0.0,0.0,RELIANCE.NS,,,,,,,,,,,0.0,-0.01554635100336188,,,0.014196765168672743,Sideways
2025-08-11 00:00:00+05:30,1358.2700517359046,1376.1159356273254,1349.5453489789295,1374.331298828125,9997486,0.0,0.0,RELIANCE.NS,,,,,,,,,,,0.0,0.01345223906930193,,,0.02854690873278032,Up
2025-08-12 00:00:00+05:30,1370.0682117041065,1389.8969719255274,1363.4255044148417,1368.5810546875,12244664,0.0,0.0,RELIANCE.NS,,,,,,,,,,,0.0,-0.004184030550368867,,,0.027704529026485236,Up
2025-08-13 00:00:00+05:30,1376.115874093997,1379.8833867126677,1365.7057756228248,1370.7620849609375,7457021,0.0,0.0,RELIANCE.NS,,,,,,,,,,,0.0,0.00159364347911084,,,0.03463809755262193,Up
2025-08-14 00:00:00+05:30,1370.961308962897,1374.3455639562076,1363.794372575189,1367.4774169921875,7126128,5.5,0.0,RELIANCE.NS,,,,,,,,,,,0.0,-0.002396234915443829,,,0.025767839409053916,Up
2025-08-18 00:00:00+05:30,1383.602791829514,1388.4802648218374,1370.6626218339861,1375.3409423828125,11785109,0.0,0.0,RELIANCE.NS,,,,,,,,,,,0.0,0.005750387752597064,,,0.022363772903256418,Up
2025-08-19 00:00:00+05:30,1383.6027633741608,1414.460091190419,1382.7068811681168,1413.564208984375,14384719,0.0,0.0,RELIANCE.NS,,,,,,,,,,,0.0,0.0277918481328272,,,-0.024786963085576263,Down
2025-08-20 00:00:00+05:30,1406.4969482421875,1418.342205158243,1403.510755146132,1406.4969482421875,8725641,0.0,0.0,RELIANCE.NS,,,,,,,,,,,0.0,-0.004999603624136206,,,-0.019179010491473636,Sideways
2025-08-21 00:00:00+05:30,1418.4417067156319,1425.3099750709036,1413.7633861810953,1418.24267578125,11021323,0.0,0.0,RELIANCE.NS,,,,,,,,,,,0.0,0.008351050852788644,,,-0.047445293798271115,Down
2025-08-22 00:00:00+05:30,1413.464698965694,1416.84907536351,1401.4204113959267,1402.71435546875,5818868,0.0,0.0,RELIANCE.NS,,,,55.28582544041832,,,,,,,21.973534448564596,-0.010948986783200665,,,-0.03924206659869489,Down
2025-08-25 00:00:00+05:30,1408.1890657335161,1412.9670232567023,1399.230486508923,1406.0987548828125,5979407,0.0,0.0,RELIANCE.NS,,,,56.75478809787373,,,,,,,21.38517746993708,0.002412750251587381,,,-0.032634846751312896,Down
2025-08-26 00:00:00+05:30,1401.519906786198,1403.5107021083375,1375.241384232256,1378.5262451171875,12145259,0.0,0.0,RELIANCE.NS,,,,44.05627926055777,,,,,,,22.06176269712418,-0.019609227068779322,,,-0.008881519845191033,Sideways
2025-08-28 00:00:00+05:30,1383.50331940736,1385.7926612650012,1360.2109883890075,1379.521728515625,13161813,0.0,0.0,RELIANCE.NS,,,,44.538762444131144,,,,,,,22.313184852757722,0.0007221359781603987,,,-0.01919336287751161,Sideways
2025-08-29 00:00:00+05:30,1374.7437651325777,1397.0406983353935,1343.7869203796088,1350.9537353515625,18758842,0.0,0.0,RELIANCE.NS,,,,35.16571729411996,,,,,,,24.52322721725965,-0.02070862138199292,,,0.013115282325953714,Sideways
2025-09-01 00:00:00+05:30,1349.759256141992,1356.9260708455383,1334.430107544873,1347.6689453125,11232238,0.0,0.0,RELIANCE.NS,,,,34.272612662952,,,,,,,24.378422651788632,-0.0024314600515965568,,,0.018169756371860357,Sideways
2025-09-02 00:00:00+05:30,1348.5648331807902,1378.128095842481,1348.2661652716795,1360.2109375,11517006,0.0,0.0,RELIANCE.NS,1380.7078918457032,,1380.972256879939,40.48751800445316,,,,1421.0645581147207,1340.3512255766857,80.71333253803505,24.812760357373794,0.009306434069823899,,-0.014845250372476172,0.007098364798658219,Sideways
2025-09-03 00:00:00+05:30,1363.3961593284287,1370.1649121838109,1354.2385492379765,1366.2828369140625,7847563,0.0,0.0,RELIANCE.NS,1379.0513000488281,,1379.5732645022365,43.28353636481073,,,,1418.9174641188627,1339.1851359787936,79.73232814006906,24.17801768512098,0.004463939560155561,0.011649165008427142,-0.009258874658479733,0.003205603279098357,Sideways
2025-09-04 00:00:00+05:30,1365.4865379446771,1367.6763641601647,1350.8541196588233,1353.0440673828125,13223177,0.0,0.0,RELIANCE.NS,1377.7142944335938,,1377.0466743003865,38.98306843989531,,,,1419.154956943671,1336.2736319235164,82.88132502015469,23.65260531485101,-0.009689625876550978,0.011434850200907695,-0.017906635033444057,0.017656223484065592,Sideways
2025-09-05 00:00:00+05:30,1356.7271022727273,1374.6442613636364,1353.0441792852228,1368.671875,5777575,0.0,0.0,RELIANCE.NS,1377.104150390625,,1376.2490743670162,45.82567547164982,,,,1418.6997604092228,1335.508540372027,83.19122003719576,23.50600450527764,0.011550109855192225,0.01176762746674003,-0.006123193651135999,0.014545457788686544,Sideways
2025-09-08 00:00:00+05:30,1373.6488583038629,1379.6212446443146,1366.0838599076599,1372.15576171875,6986720,0.0,0.0,RELIANCE.NS,1376.836737060547,,1375.8592350671813,47.245967183850226,,,,1418.4873560581168,1335.1861180629771,83.30123799513967,22.793960236090292,0.0025454506535760313,0.01177444085524667,-0.0033998042148341645,0.015088828987518621,Sideways
2025-09-09 00:00:00+05:30,1370.2643943031567,1374.843199236951,1362.4007284883235,1369.8662109375,9754452,0.0,0.0,RELIANCE.NS,1377.5256042480469,,1375.2884708643544,46.385299782007046,,,,1418.2257115808945,1336.8254969151992,81.40021466569533,22.054568129842952,-0.001668579358936717,0.011213594993051629,-0.005560254769077723,0.021145266809386998,Up
2025-09-10 00:00:00+05:30,1377.5308659113482,1382.1096709119122,1367.7759200987732,1370.66259765625,7790815,0.0,0.0,RELIANCE.NS,1377.3421691894532,,1374.8479115112016,46.74867843627967,-6.550994988500179,,,1418.1311823878023,1336.5531559911042,81.57802639669808,21.50308117864981,0.0005813609478000359,0.010796662646345035,-0.004849609401804674,0.026724839043046567,Up
2025-09-11 00:00:00+05:30,1369.6672638548873,1379.1235422027225,1368.6718661340626,1376.9337158203125,9766072,0.0,0.0,RELIANCE.NS,1377.7598022460938,,1375.0465595406406,49.64296381259733,-5.578563299100097,,,1418.352016642241,1337.1675878499466,81.18442879229451,20.71369509936482,0.004575245705825681,0.010799010388195565,-0.000599586680083577,0.02291610316138315,Up
2025-09-12 00:00:00+05:30,1376.9337291414593,1389.873899637371,1374.146566892781,1388.579833984375,7403368,0.0,0.0,RELIANCE.NS,1378.6506896972655,,1376.3354428209961,54.58012992119584,-3.8240781812221485,,,1419.3713743145831,1337.930005079948,81.4413692346352,20.35752635973805,0.008458009292861446,0.010948345857538384,0.00720207399982499,0.008888862711188938,Sideways
2025-09-15 00:00:00+05:30,1386.5889315301856,1394.3530818320328,1382.2091575524387,1392.8599853515625,5396697,0.0,0.0,RELIANCE.NS,1379.9198181152344,,1377.909208776288,56.27678020093602,-2.0644657640639252,,,1420.7504906537524,1339.0891455767164,81.661345077036,19.770840496870623,0.0030823948774383325,0.010935256207349624,0.009377477637796686,-0.006217447748347538,Sideways
2025-09-16 00:00:00+05:30,1398.2350616507645,1401.5199225726963,1391.7649767809332,1398.8323974609375,8686961,0.0,0.0,RELIANCE.NS,1381.0943908691406,,1379.9018934129215,58.60066772582497,-0.185893636322362,,,1422.675266836798,1339.5135149014832,83.1617519353149,19.055419446505795,0.004287876866437168,0.010906506355892489,0.012843442641624311,-0.011029619341954344,Sideways
2025-09-17 00:00:00+05:30,1400.5245819104894,1409.6821922648512,1400.4250664409112,1407.2933349609375,7519417,0.0,0.0,RELIANCE.NS,1380.7808471679687,,1382.5106021317802,61.705861291003266,1.9629871604704476,,,1421.4624784558764,1340.099215880061,81.3632625758155,18.469303400606357,0.0060485713051525725,0.009002751532951886,0.019201083102613214,-0.021785312581021676,Down
2025-09-18 00:00:00+05:30,1413.8628424954393,1415.4554544293837,1404.2074124117412,1408.4876708984375,9332642,0.0,0.0,RELIANCE.NS,1380.8803833007812,,1384.9846086809855,62.137575613361896,3.7194876639637187,,,1421.822116774496,1339.9386498270665,81.8834669474295,17.953499016108942,0.0008486758999204369,0.008932795976013642,0.019992526457407803,-0.030105913931572914,Down
2025-09-19 00:00:00+05:30,1408.3882121473878,1410.4785229891424,1397.1401696768169,1400.9227294921875,13461373,0.0,0.0,RELIANCE.NS,1380.014385986328,,1386.502524948719,57.70039896824597,4.449804838977343,,,1418.4119989685196,1341.6167730041366,76.79522596438301,17.623845751552988,-0.005370967430211482,0.008792288977144472,0.015150815613357353,-0.021173788655443726,Down
2025-09-22 00:00:00+05:30,1397.4387885526373,1404.2074196840813,1381.6119415772491,1384.199951171875,7757970,0.0,0.0,RELIANCE.NS,1379.0886657714843,,1386.2832322080671,49.316728150245524,3.6372698270231467,0.4324534977451154,3.204816329278031,1416.1210154046012,1342.0563161383675,74.06469926623367,17.978962348358642,-0.01193697408733907,0.008856173027999339,0.0037062775782667574,-0.012800186536002123,Sideways
2025-09-23 00:00:00+05:30,1384.5982372618869,1388.5798281670254,1370.4636381520502,1383.40380859375,14014702,0.0,0.0,RELIANCE.NS,1377.9539184570312,,1386.0090013876559,48.952063632812674,2.8957080042796406,0.9251043990520205,1.9706036052276201,1412.9404790515468,1342.9673578625157,69.97312118903119,17.988764324545542,-0.0005751644315916682,0.00882735782696518,0.003955059790984363,-0.018563919171568966,Sideways
2025-09-24 00:00:00+05:30,1378.9244730635044,1389.5751797778832,1374.0470000648747,1376.635009765625,5922759,0.0,0.0,RELIANCE.NS,1377.859356689453,,1385.1162402807959,45.84803701413915,1.741751592715218,1.08843383778466,0.653317754930558,1412.8494416706048,1342.8692717083013,69.98016996230353,17.813008280864327,-0.004892858315176718,0.00771857906629171,-0.000888586282688377,-0.010339888807644693,Sideways
2025-09-25 00:00:00+05:30,1374.942926360271,1378.128150477363,1362.6994857374575,1366.0838623046875,11411143,0.0,0.0,RELIANCE.NS,1377.1874633789062,,1383.3036328545,41.43723127755985,-0.023881308872660156,0.8659708084531961,-0.8898521173258562,1412.5382772604653,1341.836649497347,70.70162776311827,17.642698027938703,-0.007664448009885971,0.00790064626523973,-0.00806251971461907,-0.006557883019676858,Sideways
2025-09-26 00:00:00+05:30,1365.685684712474,1376.3363918134596,1359.7132983361805,1371.2598876953125,9879109,0.0,0.0,RELIANCE.NS,1378.2027709960937,,1382.156609506006,44.26972998677666,-0.9940374677437376,0.4939691532138094,-1.488006620957547,1411.5935208725637,1344.8120211196238,66.78149975293991,17.569869131463015,0.0037889514205171615,0.006341182975115429,-0.005037635569229953,-0.0018873247285473571,Sideways
2025-09-29 00:00:00+05:30,1375.2413599514077,1382.6073268149732,1361.7039763015719,1366.48193359375,14231999,0.0,0.0,RELIANCE.NS,1379.1434204101563,,1380.6637832286483,42.23882231909617,-2.1239505978355737,-0.029614796996067227,-2.0943358008395063,1410.0046516840293,1348.2821891362833,61.72246254774609,17.807974944458614,-0.0034843534361621575,0.006373408484545452,-0.009180688990736567,0.008741296847837532,Sideways
2025-09-30 00:00:00+05:30,1370.7620971908361,1370.7620971908361,1356.5279835173724,1357.722412109375,14604684,0.0,0.0,RELIANCE.NS,1379.018994140625,,1378.4788907410984,38.73079616328478,-3.683770854093382,-0.7604460084155302,-2.9233248456778513,1410.2029291977829,1347.835059083467,62.36787011431579,17.552699139387553,-0.006410272444172027,0.006225246494014137,-0.015443284045932613,0.0024927035039543632,Sideways
2025-10-01 00:00:00+05:30,1360.7086293823172,1372.255218175594,1356.4283707523282,1362.4007568359375,12045916,0.0,0.0,RELIANCE.NS,1378.8248901367188,,1376.9476398929878,41.52413854963322,-4.490670668084022,-1.5064909403492286,-2.984179727734793,1410.3697521943463,1347.2800280790912,63.089724115255194,17.429424016807435,0.003445729911237372,0.006190254292225538,-0.011911689017415909,0.006648724682228879,Sideways
2025-10-03 00:00:00+05:30,1356.926091696157,1365.287456651113,1350.6551591113212,1357.125244140625,12842347,0.0,0.0,RELIANCE.NS,1379.0289489746094,,1375.0597926784772,39.34574261851885,-5.492520017496645,-2.303696755778712,-3.188823261717933,1409.95072973017,1348.1071682190488,61.84356151112115,17.229629268449177,-0.0038722179717254335,0.005844124570121271,-0.015883426414123603,0.013422267635823326,Sideways
2025-10-06 00:00:00+05:30,1353.740909090909,1371.0608538471567,1352.7455113636363,1368.671875,12396580,0.0,0.0,RELIANCE.NS,1379.0289489746094,,1374.4514195662412,46.02056635972837,-5.2937531427273825,-2.9017080331684464,-2.392045109558936,1409.95072973017,1348.1071682190488,61.84356151112115,17.30718021238284,0.008508154209957652,0.005565201961465883,-0.007510410845479731,0.0,Sideways
2025-10-07 00:00:00+05:30,1369.667209612737,1389.47564777439,1369.5676941462978,1378.4267578125,11244040,0.0,0.0,RELIANCE.NS,1379.3424987792969,,1374.830023208742,50.9332342173743,-4.299529148760257,-3.1812722562868085,-1.1182568924734486,1410.1059130469494,1348.5790845116444,61.52682853530496,17.556936823954775,0.00712726183001311,0.005765559741325779,-0.0006638967244229013,-0.0064268984469811885,Sideways
2025-10-08 00:00:00+05:30,1378.426755451918,1382.6073771032557,1358.2201339506064,1361.1068115234375,8525081,0.0,0.0,RELIANCE.NS,1378.9045288085938,,1373.5230506672845,43.38363074257598,-4.853229379978984,-3.515663681025244,-1.33756569895374,1410.434965505678,1347.3740921115095,63.06087339416854,18.044815847432954,-0.012565010212474692,0.006432091211938635,-0.012907142527506197,0.005046103711085825,Sideways
2025-10-09 00:00:00+05:30,1367.676424553763,1373.6488106871855,1362.7989515764332,1371.458984375,8826633,0.0,0.0,RELIANCE.NS,1378.9443481445312,,1373.3264729251623,48.314891595647794,-4.405918286592623,-3.69371460213872,-0.712203684453903,1410.435036237193,1347.4536600518695,62.98137618532337,17.651757512884025,0.007605702038898432,0.006670179046163991,-0.005428329126990005,0.014878782290187686,Sideways
2025-10-10 00:00:00+05:30,1371.45898859096,1381.6119964455866,1368.7713419175536,1375.3409423828125,6373084,0.0,0.0,RELIANCE.NS,1378.8647094726562,,1373.5183271592243,50.07108402248279,-3.695579118369551,-3.6940875053848865,-0.001491612984664492,1410.3833776777874,1347.346041267525,63.03733641026247,17.308107299680376,0.0028305316105254885,0.0066190973270605635,-0.0025555568038225563,0.025403590888729344,Up
2025-10-13 00:00:00+05:30,1370.5631549835205,1371.3594002602317,1361.505059967041,1368.671875,7600682,0.0,0.0,RELIANCE.NS,1377.8693115234375,,1373.056760286917,47.109563770222685,-3.628936095531799,-3.681057223414269,0.05212112788247003,1409.3552643147646,1346.3833587321105,62.97190558265402,17.06009123654403,-0.0048490284679943985,0.0063849022981115455,-0.006675115300498582,0.06676358525029968,Up
2025-10-14 00:00:00+05:30,1373.6488553790207,1381.612037149334,1363.7943936365562,1369.5677490234375,9768174,0.0,0.0,RELIANCE.NS,1376.7046997070313,,1372.724473499919,47.5582793694084,-3.4639017698370935,-3.637626132698834,0.17372436286174064,1407.604199186312,1345.8052002277507,61.79899895856124,17.114202113417868,0.0006545571950453688,0.006332018242032127,-0.005184082457997397,0.06490289807058236,Up
2025-10-15 00:00:00+05:30,1376.6350089791804,1377.6304066718624,1366.382364141153,1367.97509765625,10882743,0.0,0.0,RELIANCE.NS,1375.1618347167969,1377.5056762695312,1372.2721519909983,46.79816093826628,-3.422175820081975,-3.5945360701754625,0.17236025009348754,1404.531402765596,1345.7922666679976,58.739136097598475,16.695190714652977,-0.001162886150263942,0.006216680594091907,-0.005226102760499402,0.053918314199712825,Up
2025-10-16 00:00:00+05:30,1368.7713249510273,1394.0544503152107,1368.671809484766,1391.8646240234375,12315932,0.0,0.0,RELIANCE.NS,1374.390399169922,1377.3546752929688,1374.1381017083736,57.71532088076508,-1.4447681911808559,-3.1645824943765413,1.7198143031956854,1401.0268600590432,1347.7539382808006,53.27292177824256,17.365487996389245,0.017463421964418302,0.0073312397142180335,0.01271416394066004,0.03811770669667269,Up
2025-10-17 00:00:00+05:30,1394.5522084059296,1416.7496262080865,1392.6609284325848,1410.279541015625,19335561,0.0,0.0,RELIANCE.NS,1374.4799926757812,1377.9645825195312,1377.5801435471594,63.86990898291666,1.5899436221916403,-2.213677271062905,3.8036208932545454,1401.5825802520824,1347.37740509948,54.20517515260235,17.902596152693512,0.013230393728203227,0.007950063967635026,0.026045885375276148,0.04750130052687562,Up
2025-10-20 00:00:00+05:30,1433.3726108781723,1467.0170999313523,1426.7034952504036,1460.04931640625,24721978,0.0,0.0,RELIANCE.NS,1377.4363220214843,1379.5480737304688,1385.4343504861204,74.62132203737514,7.919686314858836,-0.18700455387855675,8.106690868737394,1422.42708648709,1332.4455575558786,89.98152893121141,20.67652206433878,0.035290716445324666,0.011067210252561447,0.05997590818828221,0.013703351068045766,Sideways
2025-10-21 00:00:00+05:30,1461.2438272093502,1467.2162134241023,1453.2806455896807,1458.4566650390625,2066169,0.0,0.0,RELIANCE.NS,1381.1491577148438,1381.1671264648437,1392.3888566340197,73.86384732692726,12.66158448278702,2.3827132534545585,10.278871229332463,1438.357008158087,1323.9413072716006,114.41570088648632,20.195025333630408,-0.0010908202546936474,0.010597579695687868,0.05597332257156533,0.026617475514277844,Up
2025-10-23 00:00:00+05:30,1468.2115624957596,1476.0752283864208,1437.9514490416038,1441.7340087890625,18707090,0.0,0.0,RELIANCE.NS,1384.0656677246093,1382.880029296875,1397.0883949344998,66.2585475473024,14.898454235633608,4.885861449890369,10.012592785743239,1447.0879032895916,1321.043432159627,126.04447112996468,21.475650620143735,-0.0114659946029676,0.011043470058724482,0.04166589953730983,0.027685693082154073,Up
2025-10-24 00:00:00+05:30,1443.3266994671071,1453.0816457634617,1434.3681199531734,1444.9193115234375,9700837,0.0,0.0,RELIANCE.NS,1387.4798828125,1384.2917895507812,1401.6437203239225,66.956460264502,16.735302787350975,7.255749717382491,9.479553069968484,1455.7057208368208,1319.254044788179,136.45167604864173,21.278355990868345,0.002209355342217556,0.010919441745139574,0.041398386688320576,0.02397358267819305,Up
2025-10-27 00:00:00+05:30,1456.266786847925,1478.16553552233,1451.289798512833,1477.2696533203125,14113867,0.0,0.0,RELIANCE.NS,1393.0391723632813,1386.4655615234376,1408.8461901331025,73.05273893212764,20.564367490727818,9.917473272051556,10.646894218676263,1470.8339331877619,1315.2444115388007,155.58952164896118,22.133203705727208,0.022389029988648,0.01150235638916933,0.06046526373995268,0.00040432025237913116,Sideways
2025-10-28 00:00:00+05:30,1477.26972256393,1485.1333888036675,1470.79963742504,1480.056884765625,17631577,0.0,0.0,RELIANCE.NS,1398.479022216797,1388.6514575195313,1415.6281610504855,73.5062629701178,23.552338442108066,12.644446306062857,10.90789213604521,1484.229858668931,1312.7281857646628,171.50167290426816,21.576099968077234,0.0018867452120525652,0.011511898572057757,0.05833327583242189,-0.009281111021486321,Sideways
2025-10-29 00:00:00+05:30,1483.1425015536738,1501.3583271895798,1481.2512217130793,1497.277099609375,11884745,0.0,0.0,RELIANCE.NS,1405.018780517578,1391.247451171875,1423.4042504370464,76.1742431675682,26.99863095916271,15.515283236682828,11.483347722479882,1499.5152433134617,1310.5223177216944,188.9929255917673,21.55648157206849,0.01163483310742941,0.011498772031037429,0.06566340633383633,-0.005384856331814625,Sideways
2025-10-30 00:00:00+05:30,1493.0964871305005,1496.1821955688695,1477.1701246011085,1481.6494140625,9318663,0.0,0.0,RELIANCE.NS,1411.2151306152343,1393.3736206054687,1428.9514088775657,69.34896800214615,28.14438800486323,18.04110419031891,10.10328381454432,1508.6987906274705,1313.7314706029981,194.96732002447243,21.452945388939778,-0.010437403705000348,0.011735341007369974,0.04991038001169892,-0.007054070994833239,Sideways
2025-10-31 00:00:00+05:30,1483.540795005222,1490.6080945575152,1475.4780977270138,1479.5592041015625,8758053,0.0,0.0,RELIANCE.NS,1417.0730529785155,1394.6935205078125,1433.7711988988988,68.46535356179594,28.554586741734738,20.14380070060208,8.41078604113266,1516.1862045295195,1317.9599014275116,198.22630310200793,21.001306206194176,-0.0014107318108448341,0.011807057729276507,0.04409522218470577,0.0019509842334699545,Sideways
2025-11-03 00:00:00+05:30,1479.1610089962214,1488.1195884585134,1472.4918928888083,1477.866943359375,8452085,0.0,0.0,RELIANCE.NS,1423.1101379394531,1396.1209204101563,1437.9707936094203,67.71311148434879,28.415563963648083,21.79815335321128,6.617410610436803,1521.588880293857,1324.6313955850492,196.9574847088079,20.617476875016386,-0.0011437600722541408,0.0117243670210211,0.03847685710341804,0.005859819937512167,Sideways
2025-11-04 00:00:00+05:30,1477.07065615293,1485.9297198935935,1463.334119430687,1466.3203125,10007806,0.0,0.0,RELIANCE.NS,1427.9925598144532,1397.0824731445311,1440.6707477894756,62.65471128493451,27.061720134899133,22.850866709548853,4.21085342535028,1524.8606632591925,1331.124456369714,193.73620688947858,20.75877141700854,-0.0078130381840249,0.011983769021001968,0.026840302788781276,0.02606747398622189,Up
2025-11-06 00:00:00+05:30,1477.1701896475465,1494.6891648996161,1469.406038969176,1489.2144775390625,16772678,0.0,0.0,RELIANCE.NS,1433.5319458007812,1398.8124755859376,1445.2939601465791,67.79224903153025,27.5189357692243,23.784480521483946,3.734455247740353,1531.0971095269545,1335.9667820746079,195.1303274523466,21.302348630051938,0.015613345081491259,0.01226516964015826,0.038842895619725225,0.009892419000716801,Sideways
2025-11-07 00:00:00+05:30,1487.7213309001133,1491.5038906434634,1469.1074431042953,1471.19775390625,7821765,0.0,0.0,RELIANCE.NS,1439.0364929199218,1400.1144555664061,1447.7609881236906,60.71373866737506,26.12631552604398,24.252847522395953,1.8734680036480285,1531.947329865872,1346.1256559739716,185.82167389190045,21.380498552131662,-0.012098138921255441,0.012232497083564315,0.022349162890977426,0.02767254903978178,Up
2025-11-10 00:00:00+05:30,1471.0982430243503,1494.0919049344996,1468.7092643110286,1482.44580078125,7068438,0.0,0.0,RELIANCE.NS,1444.5858337402344,1402.1928466796876,1451.0643036148867,63.29078879910055,25.63477559305602,24.529233136527967,1.1055424565280525,1533.876217082502,1355.2954503979668,178.58076668453532,21.666365842941612,0.007645503023053557,0.012233123452040313,0.026208181027908076,0.019472264775700188,Sideways
2025-11-11 00:00:00+05:30,1490.1103850249956,1491.9021495222175,1473.3876547459602,1486.5269775390625,7127506,0.0,0.0,RELIANCE.NS,1450.1451354980468,1404.3329516601561,1454.441701131475,64.20818895640622,25.28309572204398,24.68000565363117,0.6030900684128113,1535.2450187299407,1365.0452522661528,170.1997664637879,21.44123219532131,0.0027530023395538894,0.012233515421595835,0.025088414359656842,0.017409875107871953,Sideways
2025-11-12 00:00:00+05:30,1498.0734942427068,1517.6827797499902,1493.0965058897411,1504.5435791015625,12384459,0.0,0.0,RELIANCE.NS,1456.938720703125,1407.4047485351562,1459.2133085571975,68.00905825408458,26.156658389660834,24.975336200837106,1.181322188823728,1536.447453710184,1377.429987696066,159.01746601411787,22.13513005357891,0.01211992909292925,0.012178365441159552,0.032674578362131244,0.004895814849891877,Sideways
2025-11-13 00:00:00+05:30,1508.0275174062697,1515.0948167835015,1499.8653048593553,1503.9464111328125,7196443,0.0,0.0,RELIANCE.NS,1463.6576538085938,1410.5302978515624,1463.4736040405894,67.75223685144563,26.495354677156683,25.279339896101025,1.2160147810556587,1534.7651051026796,1392.5502025145079,142.21490258817175,21.641871615762287,-0.00039690971869799085,0.012199515073386033,0.02752607976283463,0.025282928726984455,Up
2025-11-14 00:00:00+05:30,1498.5711928131457,1513.900341239272,1498.5711928131457,1511.9095458984375,7682823,0.0,0.0,RELIANCE.NS,1470.8543762207032,1413.5642700195312,1468.0865508841941,69.41106375782726,27.09400947428003,25.64227381173683,1.4517356625432,1529.8773978589898,1411.8313545824167,118.04604327657307,21.190962816502573,0.005294826136542197,0.012119676984932581,0.027912463899535566,0.018236877887585656,Sideways
2025-11-17 00:00:00+05:30,1513.900387650411,1516.6874283079178,1504.5436249599409,1511.3123779296875,5871416,0.0,0.0,RELIANCE.NS,1476.8267639160156,1416.4648608398438,1472.2032963170984,69.12390184144485,27.206640038914657,25.955147057172397,1.2514929817422598,1526.025678682511,1427.6278491495202,98.39782953299073,20.54473714017931,-0.0003949759893837612,0.011813590820050212,0.023351157262500054,0.011591859601147725,Sideways
2025-11-18 00:00:00+05:30,1514.696568271851,1520.7685911952462,1503.5481631005248,1512.4072265625,11045042,0.0,0.0,RELIANCE.NS,1481.9331481933593,1419.6521240234374,1476.0322420547557,69.37406866042745,27.072174531329892,26.178552552003897,0.8936219793259959,1522.966303835181,1440.8999925515377,82.06631128364324,20.30728649407518,0.0007244356949636099,0.011639630563312927,0.020563733530282353,0.013360517335451183,Sideways
2025-11-19 00:00:00+05:30,1510.4164493928117,1515.2939222795571,1505.0412776708577,1511.9095458984375,5692366,0.0,0.0,RELIANCE.NS,1484.5261596679688,1422.5168774414062,1479.4491281351063,69.09999538972339,26.618608231315648,26.26656368786625,0.3520445434493986,1526.2485935978514,1442.8037257380863,83.44486785976505,19.589097787976915,-0.0003290652512906167,0.008942443580015749,0.018445876519005408,0.03357691531664719,Up
2025-11-20 00:00:00+05:30,1522.9585089376258,1543.7623455509595,1519.6736478639639,1541.9705810546875,18171724,0.0,0.0,RELIANCE.NS,1488.70185546875,1425.913173828125,1485.4035522226854,75.41735932665067,28.35793535081916,26.68483802045683,1.6730973303623315,1535.5533693290342,1441.8503416084657,93.70302772056857,20.46507649258728,0.019882826481121718,0.009778239964341972,0.03578199717442062,0.009231129980209474,Sideways
2025-11-21 00:00:00+05:30,1533.9078528560988,1550.6305827884978,1533.0119706260582,1539.4820556640625,9615271,0.0,0.0,RELIANCE.NS,1493.5892578125,1429.3054907226563,1490.553885883769,74.06737986117886,29.198973828091994,27.187665181983867,2.0113086461081267,1540.2159407992995,1446.9625748257004,93.2533659735991,20.261757611862443,-0.001613860485537244,0.009254079886970393,0.030726518426342227,0.0135135274433833,Sideways
2025-11-24 00:00:00+05:30,1542.8663816107544,1542.8663816107544,1524.7501927010492,1528.831298828125,18433951,0.0,0.0,RELIANCE.NS,1497.7848571777345,1432.4688647460937,1494.1993537832316,68.42222200041506,28.675522245560387,27.485236594699174,1.1902856508612132,1541.1240185315335,1454.4456958239355,86.678322707598,20.1085027045655,-0.006918402716518335,0.009532916079926504,0.020728238439325076,0.019662754928743365,Sideways
2025-11-25 00:00:00+05:30,1528.8313312270848,1552.4222077972818,1518.0809876078647,1532.61376953125,15033482,0.0,0.0,RELIANCE.NS,1500.5520629882812,1435.5824658203126,1497.857869568757,69.31662255230566,28.24035958319314,27.636261192397967,0.6040983907951727,1545.3414490539817,1455.7626769225808,89.57877213140091,21.125125382054897,0.0024740929270772316,0.00835389522957327,0.02136660721995831,0.004286599976487837,Sideways
2025-11-26 00:00:00+05:30,1535.2018536795324,1564.3669320995493,1533.4100892950657,1562.6748046875,14054299,0.0,0.0,RELIANCE.NS,1504.682958984375,1439.064365234375,1504.0309110086373,75.30348418134557,29.975624010233787,28.104133755965133,1.8714902542686538,1555.9242356896843,1453.4416822790658,102.4825534106185,21.88427089535807,0.019614227507197768,0.009247981386695392,0.03854090681153724,-0.01981012749198685,Sideways
2025-11-27 00:00:00+05:30,1567.7513003642512,1568.2489991897637,1548.8387449947777,1556.2047119140625,9794643,0.0,0.0,RELIANCE.NS,1507.6293395996095,1442.331259765625,1508.9998444282016,72.04517552818596,30.477426357068225,28.57879227618575,1.8986340808824735,1563.4045371146683,1451.8541420845506,111.55039503011767,21.70755541676007,-0.004140396168178739,0.009123102846045847,0.032219704829672194,-0.017781720398646783,Sideways
2025-11-28 00:00:00+05:30,1560.7835875199362,1574.0224254817672,1555.806599039324,1560.285888671875,8959508,0.0,0.0,RELIANCE.NS,1511.5611633300782,1445.5603295898438,1513.8842295942657,72.84337694652399,30.84881920370617,29.032797661689834,1.8160215420163368,1570.455873044204,1452.6664536159524,117.78941942825168,21.45814620430886,0.002622519213936192,0.008642946107330417,0.03223470311611652,-0.01716111471083004,Sideways
2025-12-01 00:00:00+05:30,1567.7513979315313,1570.2398922139623,1556.403839701944,1558.892333984375,8920233,0.0,0.0,RELIANCE.NS,1515.5278198242188,1448.5923095703124,1518.170715726657,72.0864867491642,30.677076254306257,29.36165338021312,1.3154228740931373,1575.9337155757896,1455.121924072648,120.81179150314165,20.91371094057382,-0.0008931406081523763,0.008630994856823447,0.028613472872563907,-0.014749993852994692,Sideways
2025-12-02 00:00:00+05:30,1553.9152843475838,1560.2858537619331,1534.9032130787248,1539.1834716796875,11389150,0.0,0.0,RELIANCE.NS,1518.5936462402344,1451.2062255859375,1520.1719305793265,62.23699839817238,28.62070656589208,29.21346401734891,-0.5927574514568335,1577.241107607445,1459.9461848730239,117.2949227344211,21.23292020790486,-0.012642863060538412,0.009257311252241465,0.013558482541020631,-0.010929343989538931,Sideways
2025-12-03 00:00:00+05:30,1538.0884656023031,1545.2554018922647,1525.9446623591427,1531.718017578125,6090883,0.0,0.0,RELIANCE.NS,1521.8635314941407,1453.8221313476563,1521.2715579125454,58.95126517746103,26.08789401483432,28.588350016845993,-2.500456002011674,1575.5729875243685,1468.154075463913,107.41891206045557,21.09562158827751,-0.004850269145247221,0.009113334400599919,0.006475275791850608,-0.0012347150910667626,Sideways
2025-12-04 00:00:00+05:30,1528.9308982335338,1553.3181423785347,1510.6155558800758,1528.53271484375,11867930,0.0,0.0,RELIANCE.NS,1523.829443359375,1456.7087866210939,1521.963096667898,57.55506911924887,23.552100555681136,27.581100124613023,-4.028999568931887,1575.452595972261,1472.2062907464892,103.24630522577172,22.638976224719038,-0.002079562098127874,0.008588777847940416,0.00308648156450256,0.006121353741572744,Sideways
2025-12-05 00:00:00+05:30,1523.356635808528,1538.685784402705,1513.6016899280953,1533.5096435546875,10183266,0.0,0.0,RELIANCE.NS,1526.9450378417969,1459.7109033203126,1523.0627677999732,59.18175246911213,21.693987736354984,26.403677646961416,-4.709689910606432,1572.6707907388673,1481.2192849447265,91.45150579414076,22.813627528282648,0.003256017134998901,0.007989846495355972,0.004299176165613086,0.010320707380873095,Sideways
2025-12-08 00:00:00+05:30,1532.1161217020071,1543.861863398969,1527.9354998822807,1535.898681640625,11301491,0.0,0.0,RELIANCE.NS,1529.6176818847657,1462.8961767578126,1524.2852357847974,59.97472447822662,20.18155494474854,25.159253106518843,-4.977698161770302,1570.6331606817198,1488.6022030878116,82.03095759390817,22.321680098883053,0.001557889183141814,0.007882964654310246,0.0041062546741222,0.00855470501622868,Sideways
2025-12-09 00:00:00+05:30,1533.211064854301,1535.4008911036892,1513.1039592099478,1522.3612060546875,11503971,0.0,0.0,RELIANCE.NS,1531.4093933105469,1466.0217236328126,1524.1019948581202,53.61826142680772,17.6866986658963,23.664742218394338,-5.978043552498036,1567.583943891073,1495.2348427300208,72.3491011610522,22.35546883686835,-0.008814042063944538,0.008226363242046541,-0.005908405221610482,0.008434725077805405,Sideways
2025-12-10 00:00:00+05:30,1526.9401045329791,1540.3779737710465,1524.3520947592017,1529.8267822265625,7991629,0.0,0.0,RELIANCE.NS,1532.6735534667969,1469.1930615234376,1524.6472127027337,56.36485272280186,16.126025906536142,22.156998956022697,-6.030973049486555,1566.708127697228,1498.6389792363657,68.06914846086238,22.045561613974826,0.004903945359473916,0.007874009029113527,-0.001857389157524891,0.004879934243729789,Sideways
2025-12-11 00:00:00+05:30,1529.826707449835,1542.8663926602953,1516.9860531705099,1537.889404296875,4706197,0.0,0.0,RELIANCE.NS,1534.370703125,1472.6212109375,1525.9083738069376,59.17646408333727,15.362676349609046,20.79813443473997,-5.435458085130925,1565.7907962795136,1502.9506099704865,62.840186309027104,22.319474319389872,0.005270284298839245,0.007928074061268086,0.0022932536216368647,-0.0003883035848231131,Sideways
2025-12-12 00:00:00+05:30,1543.6628294631555,1552.62140892391,1538.9843872841,1549.3365478515625,5106655,0.0,0.0,RELIANCE.NS,1536.2420532226563,1476.4534936523437,1528.1396284778543,62.837694042089645,15.502699671483242,19.739047482088626,-4.236347810605384,1566.525861338066,1505.9582451072465,60.56761623081957,21.777512198507377,0.007443411420030577,0.0080014658377907,0.008523718382423648,0.005525140903856807,Sideways
2025-12-15 00:00:00+05:30,1544.060853330096,1551.4268205626304,1539.3825327747268,1549.037841796875,5774543,0.0,0.0,RELIANCE.NS,1538.1283264160156,1480.1862353515626,1530.1299345082373,62.6797238872979,15.411907207945433,18.87361942725999,-3.461712219314556,1566.6121047246543,1509.644548107377,56.967556617277296,21.08228188346425,-0.00019279610688960336,0.007999400796365703,0.007092721194648028,0.01233778402325414,Sideways
2025-12-16 00:00:00+05:30,1537.8894294536826,1544.5585453663573,1531.7180123854912,1535.201904296875,11731856,0.0,0.0,RELIANCE.NS,1539.2680603027343,1483.7477685546876,1530.6129792500124,55.695414146798946,14.061417731294114,17.911179088066813,-3.8497613567726994,1565.2589711593107,1513.2771494461579,51.98182171315284,20.813535278315648,-0.008931955777110256,0.008318708633814677,-0.0026416165648623776,0.01841397210356499,Sideways
2025-12-17 00:00:00+05:30,1542.8664391614582,1542.8664391614582,1532.2157323461342,1537.292236328125,7116649,0.0,0.0,RELIANCE.NS,1540.5371948242187,1487.12017578125,1531.2490989717373,56.48433495169554,13.009847987336116,16.930912867920675,-3.9210648805845594,1563.3443812226703,1517.730008425767,45.61437279690335,20.087618959530523,0.0013616007284771303,0.008315424731536781,-0.002106381142237803,0.008935484009287897,Sideways
2025-12-18 00:00:00+05:30,1528.1345045583196,1544.3595357154854,1528.1345045583196,1537.292236328125,6580829,0.0,0.0,RELIANCE.NS,1540.3032775878905,1490.2974853515625,1531.8246358628219,56.48433495169554,12.037708182384677,15.952271930813476,-3.914563748428799,1563.1428028507116,1517.4637523250694,45.6790505256422,19.811719830790192,0.0,0.007007899988657788,-0.0019548366244346465,0.009582960985105249,Sideways
2025-12-19 00:00:00+05:30,1547.2461442463334,1566.9549449740825,1543.8617679066683,1557.8968505859375,13937275,0.0,0.0,RELIANCE.NS,1541.2240173339844,1494.2332861328125,1534.30770393169,63.84436096685755,12.782551259671436,15.31832779658507,-2.535776536913634,1565.3077203006958,1517.140314367273,48.16740593342274,20.51536188901643,0.013403186310904314,0.007618302729202775,0.01081791684040443,-0.012459205012642305,Sideways
2025-12-22 00:00:00+05:30,1566.2582562309594,1570.2398469681211,1558.0960438231807,1568.1495361328125,10184852,0.0,0.0,RELIANCE.NS,1543.1899291992188,1498.1670971679687,1537.5307355698922,66.84897389883437,14.038325722713353,15.062327381810729,-1.024001659097376,1569.2446087955107,1517.135249602927,52.109359192583725,19.93162149567123,0.00658110679344337,0.007512335744505426,0.01617403435657824,-0.022597435008622324,Down
2025-12-23 00:00:00+05:30,1573.6241984599117,1573.6241984599117,1560.8830596994947,1563.4710693359375,7506564,0.0,0.0,RELIANCE.NS,1544.7327941894532,1501.9296997070312,1540.0012435476108,64.2261160872915,14.489002657565607,14.947662436961705,-0.4586597793960987,1571.736840140711,1517.7287482381955,54.00809190251539,19.418015586010217,-0.002983431547231463,0.007566260541708275,0.01213043137102334,-0.00019089698550622813,Sideways
2025-12-24 00:00:00+05:30,1565.4619535362338,1568.448146711295,1546.4498812900458,1551.0286865234375,8815745,0.0,0.0,RELIANCE.NS,1544.15048828125,1505.5768359375,1541.0514762119753,57.73789501041387,13.684425528517295,14.695015055272824,-1.0105895267555294,1570.0620046585009,1518.2389719039993,51.82303275450158,19.602319145670148,-0.00795817911602592,0.00642693582735016,0.004454357456988104,0.011166669172039345,Sideways
2025-12-26 00:00:00+05:30,1547.5447581940155,1553.8158123179846,1547.1466963201515,1552.0240478515625,2311495,0.0,0.0,RELIANCE.NS,1543.941455078125,1509.2259619140625,1542.0964830347932,58.10253443287885,12.977513005968149,14.35151464541189,-1.3740016394437404,1569.5260134685288,1518.3568966877212,51.1691167808076,18.678518920824647,0.0006417426942348925,0.006367346946524164,0.005235038379760628,0.021228893941340088,Up
2025-12-29 00:00:00+05:30,1547.7439417510202,1550.9291658570105,1536.495898892566,1538.4866943359375,5972105,0.0,0.0,RELIANCE.NS,1542.851495361328,1512.6361938476562,1541.752693634902,51.58379695035948,11.195869432855943,13.7203856029007,-2.524516170044757,1567.3941187000387,1518.3088720226174,49.08524667742131,18.45349249497978,-0.008722386443924313,0.0066112807695118125,-0.002829048057128998,0.021027378342611147,Up
2025-12-30 00:00:00+05:30,1539.8801935176687,1546.449793829553,1530.7225835687998,1532.71337890625,8815884,0.0,0.0,RELIANCE.NS,1541.542547607422,1515.4531689453124,1540.8918065178875,49.05603010055202,9.211857203885756,12.818679923097713,-3.606822719211957,1565.303472752736,1517.7816224621079,47.52185029062821,18.258758049677887,-0.0037525936694431383,0.0066468990652186356,-0.005727489464935905,-0.020911854965136922,Down
2025-12-31 00:00:00+05:30,1533.9078900841737,1569.7422080874378,1533.9078900841737,1563.172607421875,5771830,0.0,0.0,RELIANCE.NS,1542.7420043945312,1518.5110302734374,1543.0137875563626,60.150866175187474,9.982249245638286,12.251393787605828,-2.269144541967542,1568.262302729258,1517.2217060598045,51.04059666945341,19.59947741621431,0.019872749161595316,0.007523103644909081,0.013243045803606029,-0.04215497859905615,Down
2026-01-01 00:00:00+05:30,1566.457230908256,1585.1707553042595,1563.8692213237453,1568.3485107421875,6408128,0.0,0.0,RELIANCE.NS,1544.5735290527343,1520.6770141601562,1545.4266183359648,61.678172858782,10.884967500532866,11.978108530191236,-1.0931410296583692,1571.8627333870472,1517.2843247184214,54.5784086686258,19.77081102094075,0.0033111527772029525,0.007421125978309978,0.015392586524536673,-0.0666412617584291,Down
2026-01-02 00:00:00+05:30,1572.7283614795997,1587.2611435561273,1570.9365970213464,1584.9718017578125,6602230,0.0,0.0,RELIANCE.NS,1547.3954833984376,1523.2073168945312,1549.1928262809026,66.16362959928534,12.7942546758361,12.141337759320209,0.6529169165158919,1578.824602242215,1515.9663645546602,62.85823768755472,19.709512577583542,0.010599232824698213,0.007663063778505552,0.024283590563964064,-0.07347862449186848,Down
2026-01-05 00:00:00+05:30,1585.6684856930358,1604.3820104615531,1568.049995566515,1570.8370361328125,8704973,0.0,0.0,RELIANCE.NS,1549.2618530273437,1525.7893774414063,1551.2541796001321,59.7586529426186,13.016771818300867,12.316424571116341,0.700347247184526,1581.5913154140878,1516.9323906405996,64.65892477348825,20.89683417168744,-0.008917991859113128,0.008020055387682004,0.013926104914614459,-0.06013561856708782,Down
2026-01-06 00:00:00+05:30,1561.77894010158,1561.77894010158,1489.4135782872731,1500.6614990234375,27417125,0.0,0.0,RELIANCE.NS,1547.4999938964843,1526.9042211914064,1546.4358290690184,39.37751735432572,7.44472078651188,11.34208381419545,-3.8973630276835696,1585.8335504727631,1509.1664373202054,76.6671131525577,25.220164434105435,-0.04467397667305939,0.013023541271584844,-0.030267201975950325,-0.036349123055189114,Down
2026-01-07 00:00:00+05:30,1503.0504545946628,1513.004431115157,1491.1056827700695,1497.277099609375,11199340,0.0,0.0,RELIANCE.NS,1546.2457885742188,1527.3043701171875,1541.7540453109573,38.692138250826176,2.724333035851714,9.618533658526703,-6.894200622674989,1589.1555255474168,1503.3360516010207,85.8194739463961,24.98292042774702,-0.0022552717026890212,0.012900485448980321,-0.03166940814111927,-0.03018206715412919,Down
2026-01-08 00:00:00+05:30,1493.0965028672745,1496.9785780764303,1462.040144211037,1463.831787109375,16518684,0.0,0.0,RELIANCE.NS,1542.9460388183593,1526.9798681640625,1534.3328778631876,32.645145282314516,-3.673025122481704,6.960221902325022,-10.633247024806725,1598.6433359422274,1487.2487416944912,111.39459424773622,25.71535149707495,-0.022337423385908717,0.013686283276924827,-0.05127480139848097,-0.008023876494678395,Sideways
2026-01-09 00:00:00+05:30,1458.2576091430024,1473.0890589574892,1458.2576091430024,1468.51025390625,8335311,0.0,0.0,RELIANCE.NS,1539.4770812988281,1526.40453125,1528.0640565339554,34.19443393092253,-8.270131455072033,3.9141512308456115,-12.184282685917644,1603.952483944913,1475.0016786527433,128.95080529216966,24.937929948318658,0.003196041265173921,0.013635160404556576,-0.04609800837873126,-0.011794229044701066,Sideways
2026-01-12 00:00:00+05:30,1468.5102348906719,1478.4642116159973,1444.322022844729,1476.373779296875,8883745,0.0,0.0,RELIANCE.NS,1535.8289428710937,1526.2990185546876,1523.1411729875667,36.824755182920626,-11.150316653660411,0.9012576539444068,-12.051574307604819,1605.6917041892104,1465.9661815529769,139.72552263623356,25.59537700710078,0.0053547636931428055,0.013565104958717029,-0.03871209997063384,-0.04692555778045049,Down
2026-01-13 00:00:00+05:30,1478.165525590484,1478.9618923221497,1438.050951275772,1446.11376953125,13499760,0.0,0.0,RELIANCE.NS,1530.6827392578125,1525.6301098632812,1515.8052298012508,31.59169689318334,-15.693706785952827,-2.41773523403504,-13.275971551917786,1610.3679903133755,1450.9974882022495,159.37050211112592,26.68934586704913,-0.020496171220296455,0.014144846998474585,-0.05524918231427092,-0.04047359217406832,Down
2026-01-14 00:00:00+05:30,1437.3542473990606,1460.2483939989072,1433.5716876182923,1452.086181640625,8321764,0.0,0.0,RELIANCE.NS,1526.526953125,1525.1144946289062,1509.7367490240483,33.597397884956266,-18.59806553288786,-5.653801293805604,-12.944264239082255,1613.1990720882845,1439.8548341617156,173.3442379265689,26.688443046589537,0.004129973889475558,0.014174359080452378,-0.0487647933971851,-0.037153828888091156,Down
2026-01-15 00:00:00+05:30,1452.086181640625,1452.086181640625,1452.086181640625,1452.086181640625,0,0.0,0.0,RELIANCE.NS,1522.266650390625,1524.8298120117188,1504.2462187970557,33.597397884956266,-20.661616510880776,-8.65536433722064,-12.006252173660137,1614.5952099774652,1429.938090803785,184.65711917368026,24.782125686118857,0.0,0.014157173318082337,-0.046102612004270876,-0.03859336605721997,Down
2026-01-16 00:00:00+05:30,1452.0861898343726,1473.1885721290346,1448.4031454989463,1451.1903076171875,17167161,0.0,0.0,RELIANCE.NS,1517.9615539550782,1524.0693286132812,1499.1932748751633,33.42689960111504,-22.114364446951413,-11.347164359166795,-10.767200087784618,1614.9957909436775,1420.9273169664789,194.06847397719866,24.78236146783096,-0.0006169565104086061,0.014151536000542616,-0.043987442345899304,-0.04924895385329475,Down
2026-01-19 00:00:00+05:30,1443.9238298491432,1443.9238298491432,1396.8415931572963,1407.0941162109375,20392765,0.0,0.0,RELIANCE.NS,1510.4214172363281,1522.787255859375,1490.4219264309513,26.341122742322966,-26.5181866236087,-14.381368812055175,-12.136817811553524,1616.8525248506019,1403.9903096220544,212.86221522854748,26.89424382440669,-0.030386222382269512,0.014884253145435998,-0.06840958413742058,-0.02341537176252273,Down
2026-01-20 00:00:00+05:30,1404.207443054835,1409.4830993039366,1383.6027599099377,1387.5843505859375,13189498,0.0,0.0,RELIANCE.NS,1501.3931579589844,1520.8900268554687,1480.627871588569,23.924696889662357,-31.222607676560983,-17.749616584956335,-13.472991091604648,1616.9475808603797,1385.838735057589,231.1088458027907,26.821822079377558,-0.013865288327362557,0.014750639369114821,-0.07580213534991742,0.0019368191914712618,Sideways
2026-01-21 00:00:00+05:30,1383.105138772638,1406.3974698374059,1366.681076311502,1398.1356201171875,17352720,0.0,0.0,RELIANCE.NS,1493.1263854980468,1519.1221997070313,1472.7714666865327,27.783165637622872,-33.71089773918379,-20.94187281580183,-12.769024923381963,1613.2977504417634,1372.9550205543303,240.34272988743305,27.742862896986583,0.007604056306050433,0.01505125247026577,-0.06361870388431602,-0.009682519629106379,Sideways
2026-01-22 00:00:00+05:30,1403.610286379211,1412.9670491536458,1388.5798052619484,1396.0452880859375,15721693,0.0,0.0,RELIANCE.NS,1485.377215576172,1516.9522338867187,1465.4642115817142,27.485743001398433,-35.442993104253674,-23.8420968734922,-11.600896230761474,1609.5358681810728,1361.218562971271,248.31730520980182,27.503175825180215,-0.0014950853130218933,0.015064251699771826,-0.060140903302857596,-0.005062430905941273,Sideways
2026-01-23 00:00:00+05:30,1395.348519642108,1400.5245389866304,1374.6441992470054,1379.720703125,9837802,0.0,0.0,RELIANCE.NS,1476.7620483398437,1514.4677197265626,1457.2981631572652,25.21550438486412,-37.69838521788165,-26.61335454237009,-11.085030675511561,1605.0694380912723,1348.454658588415,256.61477950285735,27.38725896192627,-0.011693449417618407,0.01506756939012374,-0.06571224207985048,0.0031022752849945157,Sideways
2026-01-27 00:00:00+05:30,1373.6487855396595,1385.195374217857,1361.7040134914885,1374.146484375,26302396,0.0,0.0,RELIANCE.NS,1468.5450378417968,1511.7124584960939,1449.3789556541924,24.472205171793675,-39.48048611638933,-29.18678085717394,-10.29370525921539,1600.9712951611855,1336.118780522408,264.8525146387774,27.108980516529297,-0.00404010662257559,0.015055444176328538,-0.06428032578798318,0.040999615528389155,Up
2026-01-28 00:00:00+05:30,1378.6257466723232,1403.4111724845945,1378.526231208921,1390.2718505859375,11121657,0.0,0.0,RELIANCE.NS,1461.4229614257813,1509.2916479492187,1443.7497075524539,30.824874246215714,-39.140444944645424,-31.177513674668237,-7.962931269977187,1594.5981877532183,1328.2477350983443,266.35045265487406,27.26295963031967,0.011734823320726173,0.015541744612502573,-0.048686186489384255,0.043030151529878546,Up
2026-01-29 00:00:00+05:30,1396.4434009824272,1396.4434009824272,1377.6303609139109,1384.59814453125,20846683,0.0,0.0,RELIANCE.NS,1452.49423828125,1506.7354663085937,1438.1162253599582,29.87280749887472,-38.8805892965629,-32.71812879904717,-6.162460497515731,1581.0499263137403,1323.9385502487598,257.1113760649805,26.659393947333715,-0.00408100477061113,0.014427511863816932,-0.046744484047208455,0.03767081138515693,Up
2026-01-30 00:00:00+05:30,1376.236766748553,1391.5659148620384,1372.1556606847782,1388.9779052734375,11239835,0.0,0.0,RELIANCE.NS,1443.5257080078125,1504.2768334960938,1433.4363853517182,31.628346192878013,-37.8845324270751,-33.75140952465276,-4.133122902422343,1563.2221958706814,1323.8292201449435,239.39297572573787,26.14159824947132,0.0031631999215702145,0.014422552318943238,-0.03778789836008915,0.03970195738333682,Up
2026-02-02 00:00:00+05:30,1333.8329085367304,1386.4894707948447,1329.35361891851,1384.0009765625,15711165,0.0,0.0,RELIANCE.NS,1433.4771667480468,1501.11744140625,1428.7282511813164,30.688209042820446,-37.06943338174415,-34.415014296071035,-2.654419085673112,1536.581947065012,1330.3723864310816,206.20956063393032,28.533218828432478,-0.0035831590207748842,0.013905222623767737,-0.034514808699595355,0.05120828355855167,Up
2026-02-03 00:00:00+05:30,1467.1166446366906,1482.6448239290096,1423.6176937150067,1430.4859619140625,25456171,0.0,0.0,RELIANCE.NS,1426.4596130371094,1498.93751953125,1428.8956522034828,46.64161364738267,-32.30017537366234,-33.9920465115893,1.6918711379269595,1508.079795600357,1344.8394304738617,163.24036512649536,33.54112086686656,0.033587393461975035,0.016540889862851776,0.002822616806080113,0.014891102911190002,Sideways
2026-02-04 00:00:00+05:30,1437.3543194605445,1457.2622740237098,1433.6713964697635,1450.095458984375,8333387,0.0,0.0,RELIANCE.NS,1423.9313110351563,1497.362802734375,1430.9146814207106,51.69283341693064,-26.631193687947416,-32.51987594686093,5.888682258913512,1499.0767142448572,1348.7859078254555,150.29080641940163,33.05792024135089,0.013708276482541581,0.014048767492501021,0.018374585730682534,0.008168491736215477,Sideways
2026-02-05 00:00:00+05:30,1450.2944646433757,1454.7737543419996,1432.8750047042822,1436.757080078125,11763658,0.0,0.0,RELIANCE.NS,1420.9053100585938,1495.4456689453125,1431.4711003404643,48.34065311977658,-22.950224659604373,-30.60594568940962,7.655721029805246,1488.486254309927,1353.3243658072606,135.16188850266644,32.26083662680564,-0.009198276446980902,0.014150740434588256,0.011156105834299036,0.0038103931770443467,Sideways
2026-02-06 00:00:00+05:30,1434.865799564727,1446.113842295832,1426.9026178813986,1444.123046875,8277304,0.0,0.0,RELIANCE.NS,1419.919873046875,1493.0746337890625,1432.6760476294676,50.25898210893223,-19.21713505349271,-28.328183562226236,9.111048508733525,1485.5138960646964,1354.3258500290535,131.18804603564286,31.328721468779058,0.0051268004167235315,0.0133814671533581,0.01704545044234763,-0.02150545178396812,Down
2026-02-09 00:00:00+05:30,1451.2898835062008,1459.153549837875,1446.3128948796364,1454.873291015625,5775864,0.0,0.0,RELIANCE.NS,1419.2380249023438,1491.0480053710937,1434.7900708091015,53.001989073408836,-15.215781726335535,-25.7057031950481,10.489921468712563,1483.0569833020347,1355.4190665026529,127.63791679938186,30.164563004071628,0.007444133077086468,0.01347813410220679,0.025108731226203742,-0.016762510695717103,Sideways
2026-02-10 00:00:00+05:30,1464.2299462371711,1464.2299462371711,1445.5164217743147,1451.7874755859375,10259630,0.0,0.0,RELIANCE.NS,1418.0087097167968,1488.878037109375,1436.4088712640382,52.11360721834298,-12.153580986043607,-22.995278753247202,10.841697767203595,1478.2234010290847,1357.794018404509,120.42938262457574,29.34663167969911,-0.002121020056346845,0.013414229343504771,0.023821268259972064,-0.024340028031513916,Down
2026-02-11 00:00:00+05:30,1452.882456999606,1463.234617369774,1446.91007080626,1461.9405517578125,7106877,0.0,0.0,RELIANCE.NS,1418.800048828125,1486.9390014648438,1438.840459882493,54.79818368659327,-8.805986512149275,-20.157420305027618,11.351433792878343,1480.8591065962398,1356.7409910600102,124.11811553622965,28.41648274282875,0.0069935003177907795,0.012672744259266951,0.03040633031082845,-0.018655891088145804,Sideways
2026-02-12 00:00:00+05:30,1463.2345557130195,1466.2207486838624,1438.8473131178025,1442.231689453125,11135399,0.0,0.0,RELIANCE.NS,1418.30732421875,1484.9999658203126,1439.1634341273152,49.049755659573755,-7.655091122296881,-17.656954468481473,10.001863346184592,1479.4511756664388,1357.1634727710612,122.2877028953776,28.34197937305955,-0.01348130215075427,0.013023076393220418,0.016868251912577105,-0.027193014975671947,Down
2026-02-13 00:00:00+05:30,1438.8473526451965,1444.0233720001163,1409.7817888672503,1413.0665283203125,10755693,0.0,0.0,RELIANCE.NS,1416.3563415527344,1482.6269360351562,1436.6780145266484,42.02434942952597,-8.992720509818355,-15.92410767674885,6.931387166930495,1475.5225158670248,1357.190167238444,118.3323486285808,28.763379641617156,-0.02022224400288386,0.013765684099173166,-0.0023227299062433242,-0.0001408105035305418,Sideways
2026-02-16 00:00:00+05:30,1413.564201587246,1432.9744560797708,1402.8139796964888,1430.4859619140625,5896514,0.0,0.0,RELIANCE.NS,1415.3211242675782,1480.6660009765626,1436.0882952302118,46.91493930187932,-8.548655150571221,-14.449017171513326,5.900362020942104,1472.7109986326107,1357.9312499025457,114.77974873006497,28.863172266021788,0.012327398069824858,0.014098339688610807,0.010714768109132872,-0.006332187599121797,Sideways
2026-02-17 00:00:00+05:30,1424.5136248062843,1425.2104761017015,1412.0711535507119,1416.450927734375,10731630,0.0,0.0,RELIANCE.NS,1415.78896484375,1478.3248266601563,1434.218069754418,43.71521636742143,-9.222923989989795,-13.40379853520862,4.180874545218826,1473.055366330811,1358.5225633566888,114.5328029741222,28.116860558688135,-0.009811374982602317,0.01246879733615747,0.00046755760008211877,0.0040759021838632226,Sideways
2026-02-18 00:00:00+05:30,1420.4325123887006,1435.4629932986807,1412.6683617554224,1434.666748046875,5521096,0.0,0.0,RELIANCE.NS,1418.143084716797,1476.3001879882813,1434.2608010203662,48.61377048215917,-8.192978879249495,-12.361634604016796,4.1686557247673015,1474.440929297358,1361.8452401362358,112.59568916112221,27.736701343300286,0.012860184532927255,0.012289774261058945,0.011651619295790491,-0.029695417003111624,Down
2026-02-19 00:00:00+05:30,1436.3588845536149,1436.3588845536149,1393.5567833507007,1403.0130615234375,11884664,0.0,0.0,RELIANCE.NS,1418.3869567871093,1473.9132250976563,1431.2848258301826,41.80504463764325,-9.817754952428004,-11.85285867369904,2.0351037212710352,1474.377430999208,1362.3964825750106,111.98094842419732,28.81280133327271,-0.022063441957186347,0.013294257999747093,-0.010838999322509497,-0.0019155202996341547,Sideways
2026-02-20 00:00:00+05:30,1403.013091941889,1420.8307355027325,1399.6287153786739,1412.8675537109375,8177670,0.0,0.0,RELIANCE.NS,1419.2280700683593,1471.5740405273436,1429.5307999140641,44.41514756734818,-10.192731075118672,-11.520833153982966,1.328102078864294,1474.3494456524372,1364.1066944842814,110.24275116815579,28.269174104043135,0.007023806447532088,0.013371389179679878,-0.004481673165550809,-0.01796537146246946,Sideways
2026-02-23 00:00:00+05:30,1418.4416634695872,1428.2961245911818,1411.772547760535,1421.4278564453125,7758856,0.0,0.0,RELIANCE.NS,1421.313427734375,1469.2448095703126,1428.7590910122783,46.65344714985741,-9.68748615454001,-11.154163754094377,1.466677599554366,1473.3689037514237,1369.2579517173263,104.11095203409741,27.430202870229113,0.006058814721798367,0.013092841690716917,8.05091324015344e-05,-0.049019622156246445,Down
2026-02-24 00:00:00+05:30,1418.7403513100855,1426.7035326906043,1408.4877066792656,1422.2242431640625,12529409,0.0,0.0,RELIANCE.NS,1423.7173156738281,1466.7025634765625,1428.1367245505435,46.86780484770276,-9.117710867069263,-10.746873176689355,1.6291623096200922,1471.0658075424803,1376.368823805176,94.69698373730444,26.77203309459409,0.0005602723452611258,0.013029326236090431,-0.001048714160689246,-0.058650601015667436,Down
2026-02-25 00:00:00+05:30,1428.395737725409,1433.8704252219175,1387.0867320699354,1392.063720703125,10728792,0.0,0.0,RELIANCE.NS,1423.8069091796874,1463.5630810546875,1424.7012003745988,40.26850627107849,-10.973367794087835,-10.79217210016905,-0.18119569391878443,1470.9080531379338,1376.705765221441,94.20228791649288,28.20143738440752,-0.02120658722132207,0.013768647130148616,-0.022294588031498554,-0.006506961810753054,Sideways
2026-02-26 00:00:00+05:30,1392.0637118415314,1406.397463315574,1385.4941111892442,1400.3255615234375,16683858,0.0,0.0,RELIANCE.NS,1424.593280029297,1460.8655541992186,1422.3797109602024,42.65068343953999,-11.643113209429657,-10.962360322021173,-0.6807528874084845,1469.5249341077126,1379.6616259508812,89.86330815683141,27.680145580259108,0.0059349587935093595,0.013788630131568941,-0.017034839940674402,-0.0014217013395061429,Sideways
2026-02-27 00:00:00+05:30,1391.5659695052796,1403.9089251530934,1381.711508080472,1387.48486328125,12031440,0.0,0.0,RELIANCE.NS,1424.5186279296875,1457.8694067382812,1419.0563921336354,39.981800471178005,-13.059486677129144,-11.381785593042768,-1.677701084086376,1469.691044085875,1379.3462117734998,90.34483231237527,27.288522115427845,-0.009169794935556141,0.013945442816185287,-0.02599738881776518,0.021594055959929248,Up
2026-03-02 00:00:00+05:30,1369.1694587628867,1372.2551671563263,1335.3259388807069,1351.75,23728722,0.0,0.0,RELIANCE.NS,1422.9060791015625,1454.1585620117187,1412.6462595494797,33.66777756862652,-16.87099929474698,-12.47962833338361,-4.39137096136337,1475.4500088574032,1370.3621493457217,105.08785951168147,29.06497942150751,-0.025755137390645833,0.01508335424577115,-0.05000757263367034,0.037408014928564715,Up
2026-03-04 00:00:00+05:30,1323.8789706886037,1346.5740873609554,1300.9848230751916,1338.8099365234375,32495007,0.0,0.0,RELIANCE.NS,1418.3222778320312,1449.7768237304688,1405.6142287850946,31.714641174152277,-20.69722080474594,-14.123146827656079,-6.57407397708986,1482.1952841217487,1354.4492715423137,127.74601257943505,30.614993528886146,-0.009572822989874274,0.01277466876982609,-0.05606084213112119,0.03360583161333208,Up
2026-03-05 00:00:00+05:30,1346.8726294272453,1392.5614090361375,1346.8726294272453,1383.005615234375,25957532,0.0,0.0,RELIANCE.NS,1414.9677856445312,1446.0739453125,1403.4610274945499,43.72285163260896,-19.933525728177756,-15.285222607760414,-4.648303120417342,1478.860639583307,1351.0749317057555,127.78570787755143,32.26759917058714,0.03301116723536035,0.014704936921845074,-0.022588620556896376,0.0020151670202837035,Sideways
2026-03-06 00:00:00+05:30,1390.0728674061675,1417.7449716586152,1383.9014503612218,1398.334716796875,19311971,0.0,0.0,RELIANCE.NS,1413.0466674804688,1442.7712182617188,1402.9728074281047,47.19161862848388,-17.885192130687756,-15.805216512345883,-2.079975618341873,1476.5124939535872,1349.5808410073505,126.93165294623668,32.44415326013379,0.011083904066363504,0.014899564871236599,-0.01041151083129191,-0.01715550322396253,Sideways
2026-03-09 00:00:00+05:30,1368.6718029922313,1422.8214608086796,1363.6948146177142,1417.4462890625,24870822,0.0,0.0,RELIANCE.NS,1411.7128295898438,1440.0995703125,1404.351234250428,51.22787824962784,-14.551982639889957,-15.554569737854699,1.0025870979647422,1473.6120840166989,1349.8135751629886,123.79850885371025,34.35004561233605,0.013667380231682458,0.015211047041128063,0.004061349696964954,-0.020294926160809967,Down
2026-03-10 00:00:00+05:30,1424.015880450879,1424.9117626543534,1394.1539503917586,1402.3162841796875,18071259,0.0,0.0,RELIANCE.NS,1409.084979248047,1437.1054150390626,1404.157429481786,48.09391632933745,-12.981611119063245,-15.039978014096409,2.0583668950331635,1467.813075045176,1350.3568834509178,117.45619159425814,34.093457515925955,-0.010674129241834973,0.015232355216565982,-0.004803610263428903,-0.007950103479568482,Sideways
2026-03-11 00:00:00+05:30,1418.34212900751,1427.4002232775151,1377.2321576556008,1383.8017578125,21848087,0.0,0.0,RELIANCE.NS,1405.685693359375,1434.0117163085938,1402.2187940847111,44.505833139747644,-13.080266747489532,-14.648035760775034,1.5677690132855027,1461.9521689578994,1349.4192177608504,112.53295119704899,35.24164380921084,-0.01320281777802923,0.015447447146564654,-0.015568156985773707,0.012875940446559042,Sideways
2026-03-12 00:00:00+05:30,1383.6027762448114,1404.4066120742223,1374.7437125844203,1385.7926025390625,20939959,0.0,0.0,RELIANCE.NS,1401.8782958984375,1431.07330078125,1400.6543948898875,44.981160975625905,-12.849684350006783,-14.288365478621385,1.4386811286146024,1452.416958013382,1351.339633783493,101.0773242298892,34.843162072110204,0.0014386776973818183,0.015321322501158498,-0.011474386475942963,-0.005315257646105742,Sideways
2026-03-13 00:00:00+05:30,1378.8248707870416,1394.3531723993444,1372.0562392077015,1374.3455810546875,17265090,0.0,0.0,RELIANCE.NS,1398.4839904785156,1427.2967602539063,1398.1487935722496,42.71561753597947,-13.435746187199811,-14.117841620337071,0.6820954331372597,1446.7954998141931,1350.172481142838,96.62301867135511,33.94700286636254,-0.008260270305528894,0.01516916403727564,-0.017260411694501203,0.024407923550972654,Up
2026-03-16 00:00:00+05:30,1373.6488401657623,1390.8692691567512,1357.224777946389,1388.6793212890625,22837802,0.0,0.0,RELIANCE.NS,1397.264630126953,1423.7033764648438,1397.246939069089,46.35888648961592,-12.598365258187641,-13.813946347907187,1.2155810897195458,1445.272450336007,1349.256809917899,96.01564041810798,33.92539489093395,0.010429502180503425,0.014807072423713692,-0.0061443685417776105,0.00910332671387759,Sideways
2026-03-17 00:00:00+05:30,1392.5613056143347,1399.429573667814,1381.8109624429321,1391.167724609375,19007744,0.0,0.0,RELIANCE.NS,1395.2987182617187,1419.827294921875,1396.667966263402,46.98921242890732,-11.600221356535712,-13.371201349632894,1.770979993097182,1440.8618024155992,1349.7356341078382,91.12616830776096,32.7606246290731,0.0017919207711702967,0.01450098767219914,-0.0029606517932519497,0.01016036051941116,Sideways
2026-03-18 00:00:00+05:30,1390.7696473738063,1406.3974645008152,1390.7696473738063,1401.6195068359375,9559327,0.0,0.0,RELIANCE.NS,1394.557147216797,1416.4429443359375,1397.1395415560244,49.6646495886651,-9.852243120854382,-12.667409703877192,2.81516658302281,1439.1923598597305,1349.9219345738634,89.27042528586708,31.536852664639945,0.007512956232144763,0.014482770996022623,0.00506423105946957,0.003550841499182944,Sideways
2026-03-19 00:00:00+05:30,1381.6119817895922,1409.1844489610974,1369.7667250791762,1378.4267578125,16498373,0.0,0.0,RELIANCE.NS,1391.7451477050781,1413.9982495117188,1395.3573716756887,44.319367694765724,-10.220602053505218,-12.178048173802798,1.9574461202975808,1432.8663675238224,1350.6239278863338,82.24243963748859,32.099772037302884,-0.016547107763784985,0.014555441634199494,-0.00956956086000337,-0.026502044974562655,Down
2026-03-20 00:00:00+05:30,1391.5659566755692,1423.4186824363833,1389.6746767818195,1407.8905029296875,22994918,0.0,0.0,RELIANCE.NS,1391.9890197753907,1412.210517578125,1396.5510032236884,51.465832029114935,-8.042344033515974,-11.350907345745435,3.3085633122294613,1433.4312464015861,1350.5467931491953,82.88445325239081,33.020640079201485,0.0213749079885428,0.014628564550470383,0.01142356938768283,-0.04984445662737713,Down
2026-03-23 00:00:00+05:30,1393.5567722314413,1409.0849519631759,1384.598192981382,1401.3209228515625,18979554,0.0,0.0,RELIANCE.NS,1391.411688232422,1410.9603002929687,1397.005281283486,49.92711799510159,-6.768150046497112,-10.434355885895771,3.6662058393986587,1431.9870397162967,1350.8363367485472,81.15070296774957,32.411077143672365,-0.004666257826481779,0.01457817295842388,0.00712171293582327,-0.02741876234415752,Down
2026-03-24 00:00:00+05:30,1413.4647025895886,1415.8536813182018,1400.1263494042955,1405.302490234375,18620893,0.0,0.0,RELIANCE.NS,1390.605419921875,1409.6961450195313,1397.7954916597612,50.88552410398904,-5.375102088278027,-9.422505126372222,4.047403038094195,1429.3630730874136,1351.8477667563363,77.51530633107723,31.219381055831928,0.0028412958929566745,0.014521841483324284,0.010568828584981163,-0.04341979378814098,Down
2026-03-25 00:00:00+05:30,1413.464703831985,1423.9163794589117,1401.9181150601291,1406.596435546875,19041331,0.0,0.0,RELIANCE.NS,1389.8240295410155,1408.3005981445312,1398.6336767918674,51.21234025141433,-4.119207314450705,-8.361845563987918,4.2426382495372135,1426.5787015527565,1353.0693575292746,73.50934402348184,30.56072986604269,0.0009207592824262978,0.014523411701809968,0.012068006919838977,-0.07671078947738397,Down
2026-03-27 00:00:00+05:30,1394.552193095842,1398.235116023098,1338.809921280448,1341.8956298828125,23266517,0.0,0.0,RELIANCE.NS,1387.315625,1406.2162353515625,1393.2300532767192,37.70267456757973,-8.24961946981648,-8.339400345153631,0.0897808753371514,1429.554950240634,1345.0762997593658,84.47865048126823,33.219714466070144,-0.04599812997457742,0.017199461000753404,-0.03273948213276085,-0.03226763969063773,Down
2026-03-30 00:00:00+05:30,1328.855902170806,1358.7178325566667,1327.960019957529,1337.7149658203125,24393861,0.0,0.0,RELIANCE.NS,1384.1850952148438,1403.9288110351563,1387.9429020903947,37.02306018892588,-11.725184878922846,-9.016557251907475,-2.708627627015371,1431.1228531330082,1337.2473372966795,93.87551583632876,33.043864332717824,-0.003115491227037581,0.017107045149159783,-0.03357219316634714,0.0029020233587238042,Sideways
2026-04-01 00:00:00+05:30,1377.8294025098971,1378.028554948465,1356.6275051009459,1362.8984375,14404619,0.0,0.0,RELIANCE.NS,1382.9557739257812,1402.1450561523438,1385.5577149865476,43.61630150251933,-12.305647958573445,-9.67437539324067,-2.6312725653327753,1430.7632509616235,1335.1482968899388,95.61495407168468,33.563130389534585,0.01882573816032962,0.017639035767145234,-0.01450323777805607,-0.028629815822207916,Down
2026-04-02 00:00:00+05:30,1350.7546307176451,1351.9490593116357,1321.8880984473344,1344.2845458984375,21280051,0.0,0.0,RELIANCE.NS,1382.582501220703,1400.0069409179687,1381.6269369781562,40.26116624524036,-14.105060266018654,-10.560512367796267,-3.544547898222387,1431.4632769986133,1333.7017254427928,97.76155155582046,34.095073865472514,-0.013657577915861752,0.0169293872626761,-0.027700303807152004,-0.00022211367770763601,Sideways
2026-04-06 00:00:00+05:30,1352.7454554606609,1352.7454554606609,1284.0630151171836,1298.6953125,29274881,0.0,0.0,RELIANCE.NS,1380.5767700195313,1397.83896484375,1373.7286870278556,33.47022957932056,-18.990862769265505,-12.246582448090116,-6.744280321175388,1438.8643588554253,1322.2891811836373,116.57517767178797,36.56560004247286,-0.03391338056926663,0.018449829026646603,-0.05930960110126502,0.007971209837998483,Sideways
2026-04-07 00:00:00+05:30,1289.040031502862,1302.2788696189978,1285.058440671965,1298.5958251953125,28388922,0.0,0.0,RELIANCE.NS,1376.3562805175782,1396.0591943359375,1366.573176377137,33.456967245369825,-22.610286934071837,-14.319323345286461,-8.290963588785376,1444.6877380667672,1308.0248229683891,136.6629150983781,35.18380210708428,-7.660557771316245e-05,0.01659623636583985,-0.05649733025014707,0.030277501699787157,Up
2026-04-08 00:00:00+05:30,1342.7914745147666,1344.3840865060406,1320.0963587364665,1341.5970458984375,21817543,0.0,0.0,RELIANCE.NS,1373.5193969726563,1394.9284228515626,1364.1944972839276,43.81907201902859,-21.75805422153053,-15.807069520535276,-5.950984700995253,1442.6715987005255,1304.3671952447871,138.30440345573834,35.94126347877313,0.03311362925154748,0.0182314558381306,-0.023241281589891007,-0.003338743224404861,Sideways
2026-04-09 00:00:00+05:30,1339.8052690319548,1343.7868597274437,1320.195983460075,1323.87890625,20725390,0.0,0.0,RELIANCE.NS,1368.8410278320312,1393.4850952148438,1360.3549171854584,40.98694359731245,-22.25580834495304,-17.09681728541883,-5.158991059534209,1438.1331611997575,1299.5488944643048,138.58426673545273,35.05909296367282,-0.013206752133664734,0.018011981359916288,-0.03284685413998886,0.026315842856426297,Up
2026-04-10 00:00:00+05:30,1330.8467605257397,1346.0763943468285,1325.3720730291864,1343.9859619140625,19364461,0.0,0.0,RELIANCE.NS,1365.92451171875,1392.770400390625,1358.795969064373,45.307065810074725,-20.78817755283808,-17.83508933890268,-2.9530882139353984,1434.2385789709908,1297.610444466509,136.62813450448175,34.14040690175536,0.015187987035020889,0.018375865160979877,-0.016061319360234676,0.009702329705366886,Sideways
2026-04-13 00:00:00+05:30,1315.1193869938081,1321.4899565481755,1303.970981405046,1309.0474853515625,28753269,0.0,0.0,RELIANCE.NS,1362.1867980957031,1391.4684204101563,1354.0580182345814,39.84826210710236,-22.18853699929673,-18.70577887098149,-3.48275812831524,1434.256277156728,1290.1173190346783,144.13895812204964,34.56001930227402,-0.02599616182950437,0.018999888715223748,-0.03901029786695027,0.029047297686054296,Up
2026-04-15 00:00:00+05:30,1330.8467629297493,1340.8007402141902,1328.059600686701,1337.9140625,15313779,0.0,0.0,RELIANCE.NS,1359.79287109375,1390.4212646484375,1352.5204986408116,45.67235664965647,-20.730076998222103,-19.110638496429615,-1.6194385017924873,1431.747527677886,1287.8382145096139,143.9093131682721,34.35953612801357,0.02205158901526394,0.01977380738805405,-0.016089809748856588,0.013391827442438942,Sideways
2026-04-16 00:00:00+05:30,1345.7777093601655,1347.5694738488123,1323.8789596516422,1337.1177978515625,30211012,0.0,0.0,RELIANCE.NS,1357.9314819335937,1389.4716577148438,1351.0535747561212,45.541368158912185,-19.414688399554734,-19.17144847705464,-0.24323992250009496,1430.2093419018097,1285.6536219653776,144.55571993643207,33.59746313295333,-0.0005951538075245066,0.019711483430146014,-0.015327492114988024,7.44042932099287e-05,Sideways
2026-04-17 00:00:00+05:30,1333.832952366644,1362.1022720767137,1333.832952366644,1358.7178955078125,13869105,0.0,0.0,RELIANCE.NS,1356.4334106445312,1388.8664575195312,1351.783510065806,49.75141132082372,-16.439778563068103,-18.625114494257332,2.185335931189229,1427.3287555939182,1285.5380656951443,141.79068989877396,33.21688145989022,0.016154221932395352,0.019929395271334305,0.0016841850439202467,-0.027252756967560687,Down
2026-04-20 00:00:00+05:30,1356.9261198573818,1366.6810660920328,1346.5740808024586,1357.0257568359375,13614733,0.0,0.0,RELIANCE.NS,1354.7263122558593,1388.326953125,1352.2827716629613,49.42903224264576,-14.056646265422842,-17.711420848490434,3.654774583067592,1423.815159817087,1285.6374646946315,138.1776951224556,32.28046030486764,-0.0012453936740434157,0.01991937359262407,0.0016973499069706805,0.001833718562656017,Sideways
2026-04-21 00:00:00+05:30,1352.7454957201878,1363.4958396538184,1343.8864317482064,1347.07177734375,27293629,0.0,0.0,RELIANCE.NS,1351.99892578125,1386.6586694335938,1351.786486489703,47.48000601454642,-12.823379766468406,-16.73381263208603,3.910432865617622,1417.6909218749156,1286.3069296875842,131.3839921873314,31.375385133492237,-0.00733514411354752,0.019859971768561455,-0.0036443434558594535,0.026305974003943078,Up
2026-04-22 00:00:00+05:30,1344.085556855853,1359.7132520720183,1342.8910067161314,1355.8311767578125,9525953,0.0,0.0,RELIANCE.NS,1350.8691467285157,1384.7733837890626,1352.1716950866657,49.37186926197754,-11.012254439197704,-15.589500993508365,4.57724655431066,1415.472427730902,1286.2658657261295,129.20656200477242,30.335875149377575,0.006502548387833373,0.019626207327851045,0.0036732129394720743,0.046472354429007545,Up
2026-04-23 00:00:00+05:30,1339.8052948565,1349.261572940554,1334.529638479888,1337.21728515625,16385079,0.0,0.0,RELIANCE.NS,1347.3354858398438,1382.782587890625,1350.7474655694832,45.61184820581905,-10.952654673065354,-14.662131729419762,3.709477056354409,1406.5860093096176,1288.0849623700701,118.50104693954745,29.69056537284521,-0.013728767947403075,0.019116679669200737,-0.0075097856398303004,0.06505883800642742,Up
2026-04-24 00:00:00+05:30,1333.8328899956957,1339.7057606040942,1318.9019248091768,1321.6890869140625,11744802,0.0,0.0,RELIANCE.NS,1343.3538940429687,1380.3339086914064,1347.9800009356338,42.69095834841808,-12.019859791021418,-14.133677341740094,2.113817550718677,1398.0884746314528,1288.6193134544847,109.4691611769681,29.055798974421798,-0.011612322406057696,0.019222880672943542,-0.01612740114498319,0.07757195091619074,Up
2026-04-27 00:00:00+05:30,1306.9571155871217,1365.2873936261717,1304.9663202853897,1359.51416015625,24673098,0.0,0.0,RELIANCE.NS,1341.0644775390624,1378.4267260742188,1349.0784922899782,50.93357855219527,-9.701625937723747,-13.247267060936826,3.5456411232130787,1388.5998720008427,1293.5290830772822,95.07078892356049,31.289032857733243,0.02861873765675349,0.020442568674706063,0.013757491102175726,0.07124028251418224,Up
2026-04-28 00:00:00+05:30,1351.7500009887617,1388.7787447541255,1350.75460334444,1382.5078125,41027699,0.0,0.0,RELIANCE.NS,1339.8600463867188,1377.0411328125,1352.262237071885,55.15598022606644,-5.940534544468392,-11.78592055764314,5.845386013174748,1381.554573695509,1298.1655190779286,83.38905461758031,31.77011204001554,0.016913139279922884,0.020849131286114733,0.03183001555146901,0.05378356671809037,Up
2026-04-29 00:00:00+05:30,1385.5935377241706,1427.2012083655534,1384.896807968084,1418.83984375,30542143,0.0,0.0,RELIANCE.NS,1343.707257080078,1376.1791186523437,1358.6029615174198,60.883902106994,-0.027830423889554368,-9.434302530892422,9.406472107002868,1397.7994232901879,1289.6150908699683,108.18433242021956,32.693203741839675,0.026279801764230504,0.018732766722296575,0.05591440120163346,0.008769492157710168,Sideways
2026-04-30 00:00:00+05:30,1402.5153692729207,1430.386505071105,1386.6885214286783,1424.215087890625,30957881,0.0,0.0,RELIANCE.NS,1348.0322631835938,1375.8187866210938,1364.8517354577252,61.66407647827948,5.033741629649512,-6.540693698784035,11.574435328433548,1412.377118359248,1283.6874080079397,128.68971035130835,33.479259449024454,0.0037884784278527928,0.01867848521262296,0.05651409598099175,0.003774008607057233,Sideways
2026-05-01 00:00:00+05:30,1424.215087890625,1424.215087890625,1424.215087890625,1424.215087890625,0,0.0,0.0,RELIANCE.NS,1351.098095703125,1376.0417578125,1370.5053880703822,61.664076478279476,8.941996182939192,-3.4441557224393904,12.386151905378583,1423.3423134629702,1278.8538779432797,144.48843551969048,31.087883774094134,0.0,0.01832611106101261,0.054116716188138236,0.0030751244732012406,Sideways
2026-05-04 00:00:00+05:30,1426.8030702776819,1460.6465916696056,1426.8030702776819,1456.3663330078125,24035700,0.0,0.0,RELIANCE.NS,1356.7021850585938,1376.559365234375,1378.682620921566,66.32349891828059,14.466887580956609,0.13805293823980946,14.3288346427168,1442.1457289608375,1271.2586411563502,170.88708780448724,31.469570917300313,0.022574711776720546,0.01844958718267699,0.07346059367105266,-0.05119268151275136,Down
2026-05-05 00:00:00+05:30,1453.280606341501,1466.6189594959255,1443.3266295857375,1456.864013671875,23543341,0.0,0.0,RELIANCE.NS,1364.6106201171874,1377.367626953125,1386.128467850167,66.39159337116048,18.670342403534278,3.8445108312987033,14.825831572235575,1456.1745035194117,1273.0467367149631,183.12776680444858,30.88548227393515,0.0003417276634201105,0.016177863008086935,0.06760418847302041,-0.0680513765403703,Down
2026-05-06 00:00:00+05:30,1456.2668061036345,1466.519450812893,1420.9301884572374,1431.2823486328125,14221786,0.0,0.0,RELIANCE.NS,1371.2449462890625,1377.2999389648437,1390.428837448514,59.708415196162974,19.710177404961314,7.017644146031226,12.692533258930087,1461.9385009421558,1280.5513916359691,181.38710930618663,31.935752279772323,-0.017559404857963812,0.016969960557076932,0.043783134812074624,-0.05501078245621671,Down
2026-05-07 00:00:00+05:30,1432.1782190445704,1442.828925531327,1423.717338832762,1429.590087890625,19816903,0.0,0.0,RELIANCE.NS,1375.644598388672,1377.8314794921876,1394.1584803477626,59.2832816852431,20.165250382144677,9.647165393253918,10.51808498889076,1468.665696056943,1282.623500720401,186.04219533654214,31.01974045254324,-0.0011823388612344221,0.015663391587972884,0.039214699468991324,-0.05180330763656882,Down
2026-05-08 00:00:00+05:30,1419.4371163507371,1436.1598462687914,1410.9762359236815,1428.5947265625,8663105,0.0,0.0,RELIANCE.NS,1380.880389404297,1378.1460229492188,1397.4381228444042,59.0171075308192,20.21258357305487,11.760249029214108,8.452334543840763,1473.444293921007,1288.3164848875867,185.12780903342036,30.602874016297996,-0.0006962564559982454,0.015212922365446956,0.034553562730213545,-0.06884052769842519,Down
2026-05-11 00:00:00+05:30,1413.4647305422184,1421.427912122738,1375.6396180347506,1381.81103515625,15261787,0.0,0.0,RELIANCE.NS,1382.7716430664063,1377.3536865234375,1395.9498287788658,48.08832666550959,16.287292786254284,12.665657780622144,3.6216350056321396,1473.7755029958485,1291.7677831369642,182.00771985888423,32.19946219568738,-0.0327480499097329,0.01701425021945928,-0.0006946974324886474,-0.037674618871223475,Down
2026-05-12 00:00:00+05:30,1385.593546668805,1387.0866431630602,1354.0394893602804,1357.722412109375,24357500,0.0,0.0,RELIANCE.NS,1385.205389404297,1376.0636499023437,1392.3091224293905,43.61031525222854,11.104712778198063,12.35346878013733,-1.2487560019392667,1470.6246644261787,1299.7861143824152,170.83855004376346,32.26001159619398,-0.017432646312707356,0.01638114863721201,-0.019840362667619228,-0.030278637949044063,Down
2026-05-13 00:00:00+05:30,1355.1343963286624,1366.0837705701026,1346.1758174038478,1352.54638671875,13797989,0.0,0.0,RELIANCE.NS,1385.9370056152343,1375.2733032226563,1388.5221952188533,42.690406134657856,6.5048351022276165,11.183742044555387,-4.678906942327771,1469.9628329979653,1301.9111782325033,168.051654765462,31.37772170834119,-0.00381228544543466,0.015718599540801396,-0.02409245063895367,0.0006622707819272655,Sideways
2026-05-14 00:00:00+05:30,1358.9168476375535,1371.6579863902991,1352.148216400817,1355.5325927734375,17303059,0.0,0.0,RELIANCE.NS,1386.8577453613282,1374.3774438476562,1385.38032831929,43.43177830673255,3.0650290288099313,9.559999441406296,-6.4949704125963645,1469.1084066069907,1304.6070841156657,164.50132249132503,30.53001087127982,0.0022078400297471656,0.015719303321544476,-0.022587141826668964,-0.008958781930570092,Sideways
2026-05-15 00:00:00+05:30,1350.5556491178086,1358.5188307246153,1323.082575367519,1330.24951171875,19976192,0.0,0.0,RELIANCE.NS,1385.434326171875,1373.2327368164063,1380.1297743573336,38.849426107005606,-1.6817887940858327,7.31164179430787,-8.993430588393704,1470.5201356812404,1300.3485166625096,170.17161901873078,30.880456905981,-0.01865176919350786,0.015856227928915733,-0.039832140297553775,0.01354377611401758,Sideways
2026-05-18 00:00:00+05:30,1327.860551095503,1335.8237328112184,1312.6309174607939,1329.7518310546875,13022473,0.0,0.0,RELIANCE.NS,1384.0706298828125,1372.7927734375,1375.3318749951768,38.76272978724148,-5.4213409442672855,4.765045246592839,-10.186386190860125,1471.7681498006582,1296.3731099649667,175.39503983569148,30.33133965201268,-0.0003741258009706261,0.01585653831920011,-0.039245684183562266,0.023280123694074284,Up
2026-05-19 00:00:00+05:30,1332.5387892026445,1337.8144453658963,1312.3322897558653,1316.6124267578125,21665501,0.0,0.0,RELIANCE.NS,1382.5476623535155,1372.3488232421876,1369.7395465916184,36.45000858942732,-9.337565439524496,1.9445231093693722,-11.282088548893869,1473.7502724877056,1291.3450522193255,182.40522026838016,29.984969363299705,-0.009881095096107906,0.01592104720458056,-0.04769111213385675,0.025402735050120473,Up
2026-05-20 00:00:00+05:30,1312.6308349443716,1356.6274840630256,1306.558933569541,1353.442138671875,13248515,0.0,0.0,RELIANCE.NS,1382.4282104492188,1371.7575537109376,1368.1874125040238,46.14868688496343,-9.361438775262286,-0.31666926755695934,-9.044769507705327,1473.7766160264305,1291.0798048720071,182.69681115442336,31.419510872598618,0.027973085446836077,0.017132898519454563,-0.0209675059856633,-0.0067661501823962356,Sideways
2026-05-21 00:00:00+05:30,1360.9076465750106,1364.590690861155,1339.0088978228712,1343.388671875,17150630,0.0,0.0,RELIANCE.NS,1382.7367797851562,1370.6586328125,1365.8256276822121,44.16716535890713,-10.075445848023946,-2.268424583650357,-7.8070212643735895,1473.5121173092145,1291.9614422610978,181.55067504811677,31.00253102729042,-0.007428072844503308,0.016922825725737622,-0.028456687118910588,0.0006668762676009798,Sideways
2026-05-22 00:00:00+05:30,1343.7868238683554,1361.106767233248,1342.8909416840763,1348.26611328125,7105813,0.0,0.0,RELIANCE.NS,1384.0656311035157,1369.275029296875,1364.1532929773587,45.392218355884765,-10.1309495581163,-3.8409295785435456,-6.290019979572754,1471.9597704312862,1296.1714917757452,175.78827865554103,30.089194921710515,0.0036307001155833074,0.016696706957043634,-0.02586547705380323,-0.0245847078622754,Down
2026-05-25 00:00:00+05:30,1360.5095872329855,1364.7897243191815,1350.7546414401118,1360.7086181640625,6750071,0.0,0.0,RELIANCE.NS,1384.1253540039063,1368.4428759765624,1363.8252287094258,48.496778222937415,-9.066418462173488,-4.886027355269534,-4.180391106903953,1471.9542816213268,1296.2964263864858,175.657855234841,29.120224644297725,0.009228523034322533,0.0155392600554252,-0.016918074488055154,-0.03438185867402899,Down
2026-05-26 00:00:00+05:30,1353.8404218493883,1362.2017870434288,1346.1759079681497,1350.0579833984375,13769747,0.0,0.0,RELIANCE.NS,1382.502862548828,1367.7680004882814,1362.5140624893315,46.08172562408485,-8.978686405775989,-5.704559165370825,-3.2741272404051633,1471.5813923538803,1293.4243327437757,178.15705961010462,28.184914246510683,-0.00782727074955647,0.015114229121706235,-0.023468218424209323,-0.030745478506375656,Down
2026-05-27 00:00:00+05:30,1346.7730400596713,1354.736221375619,1342.393266034199,1344.2845458984375,13215138,0.0,0.0,RELIANCE.NS,1378.77509765625,1366.9378393554687,1360.7779180521036,44.779935916184606,-9.268188368361962,-6.4172850059690525,-2.850903362392909,1467.698954144862,1289.851241167638,177.8477129772241,27.053345753289907,-0.004276436694568342,0.013679468287083807,-0.025015357338874337,-0.027619372707750056,Down
2026-05-28 00:00:00+05:30,1344.2845458984375,1344.2845458984375,1344.2845458984375,1344.2845458984375,0,0.0,0.0,RELIANCE.NS,1374.7785705566407,1366.3366186523438,1359.2071207041354,44.779935916184606,-9.38938576505052,-7.011705157785347,-2.377680607265173,1462.3486820501596,1287.2084590631218,175.14022298703776,25.1209639137692,0.0,0.013612323514388755,-0.02218104450512081,-0.03465382003289208,Down
2026-05-29 00:00:00+05:30,1357.7224546740495,1362.6994431442622,1310.9387630540493,1315.119384765625,42634247,0.0,0.0,RELIANCE.NS,1369.3237854003905,1364.865419921875,1355.0082887099916,38.4210553513092,-11.703905003648742,-7.950145126958026,-3.753759876690716,1457.4858835106934,1281.1616872900877,176.3241962206057,27.023800783515178,-0.021695675384946322,0.014228347364382584,-0.03958479448957805,-0.018340072426142107,Sideways
2026-06-01 00:00:00+05:30,1326.3673976551404,1329.353590670499,1312.4318302501333,1313.9249267578125,10700603,0.0,0.0,RELIANCE.NS,1362.2017150878905,1363.3205639648438,1351.0955875716888,38.18191870277003,-13.479181342163429,-9.055952369999108,-4.4232289721643205,1443.8606747313245,1280.5427554444566,163.3179192868679,26.30222647186164,-0.0009082506285353897,0.012830592124048615,-0.035440263945757236,-0.03852950568082103,Down
2026-06-02 00:00:00+05:30,1301.6815361898255,1321.689127358814,1294.3156903458798,1308.5498046875,23302785,0.0,0.0,RELIANCE.NS,1354.7860046386718,1361.459169921875,1347.0436082493852,37.063947419502796,-15.145243124760555,-10.273810520951397,-4.871432603809158,1427.116703428764,1282.4553058485797,144.66139758018426,26.378741510509677,-0.004090889791988239,0.012770615652737275,-0.03412804663826093,-0.03007134567951908,Down
2026-06-03 00:00:00+05:30,1308.9480145168118,1317.906594083847,1295.0124463014238,1307.15625,20012293,0.0,0.0,RELIANCE.NS,1348.5796997070313,1360.033759765625,1343.2448122256342,36.76340279106062,-16.38913357765273,-11.496875132291663,-4.892258445361065,1414.6178529242366,1282.541546489826,132.07630643441053,26.129841958503505,-0.001064961136754583,0.012464557391016384,-0.03071635270502012,-0.03699343607305938,Down
2026-06-04 00:00:00+05:30,1295.0124259474096,1305.1654340270677,1287.1487597049047,1297.699951171875,23474327,0.0,0.0,RELIANCE.NS,1341.9851928710937,1357.8299487304687,1338.9072064109905,34.70678521875021,-17.93126949623479,-12.78375400508029,-5.1475154911545005,1400.2286539819434,1283.741731760244,116.48692222169939,25.69253112540292,-0.007234252850892964,0.012454472159311265,-0.032999799054766875,-0.02673957962357909,Down
2026-06-05 00:00:00+05:30,1304.5,1306.0,1288.0,1291.0,17785223,6.0,0.0,RELIANCE.NS,1335.1054565429688,1355.6235302734376,1334.3446153242296,33.285980699397626,-19.469619731099556,-14.120927150284142,-5.348692580815413,1382.2502694873954,1287.9606435985422,94.28962588885315,25.143064616445567,-0.005162943225685335,0.01241787167516381,-0.03303518559288377,0.0015491866769945517,Sideways
2026-06-08 00:00:00+05:30,1277.0,1282.5999755859375,1259.199951171875,1263.300048828125,16494759,0.0,0.0,RELIANCE.NS,1329.1799072265626,1352.7834814453124,1327.5784661341243,28.15432899637139,-22.662686592854243,-15.829279038798163,-6.83340755405608,1380.9206643669359,1277.4391500861893,103.48151428074652,25.618563488708386,-0.021456197654434517,0.011294699110975187,-0.04956429001089931,0.03459190175161653,Up
2026-06-09 00:00:00+05:30,1269.0,1274.199951171875,1257.5,1269.199951171875,23620214,0.0,0.0,RELIANCE.NS,1324.7537841796875,1350.0355517578125,1322.018607566291,30.608214966452394,-24.435465438968777,-17.550516318832287,-6.88494912013649,1380.9260887186877,1268.5814796406873,112.3446090780003,24.981519751791716,0.0046702304406802675,0.011031996810087999,-0.041935213676111506,0.04695879290037808,Up
2026-06-10 00:00:00+05:30,1275.0,1300.5,1254.4000244140625,1258.800048828125,21012796,0.0,0.0,RELIANCE.NS,1320.0664672851562,1348.3736401367187,1315.9977924483703,28.744507416792075,-26.375549731135834,-19.315523001293,-7.060026729842836,1381.572055069756,1258.5608795005564,123.01117556919962,26.489980882802126,-0.00819406141179535,0.011085923053310388,-0.046411616365827045,0.058706624942179486,Up
2026-06-11 00:00:00+05:30,1258.0,1276.0,1253.199951171875,1263.0,13117486,0.0,0.0,RELIANCE.NS,1315.4398376464844,1346.8793408203126,1310.9503836437636,30.582766525729042,-27.259943886716883,-20.904407178377777,-6.3555367083391054,1379.448131231979,1251.4315440609898,128.01658717098917,26.226414307468044,0.003336472043979466,0.01111947268438656,-0.03986486963957775,0.05154392366265825,Up
2026-06-12 00:00:00+05:30,1277.0,1297.0,1262.5,1293.0,11988785,0.0,0.0,RELIANCE.NS,1313.5773620605469,1345.4813720703125,1309.2408232967384,42.077466190517974,-25.249028266312052,-21.773331395964632,-3.47569687034742,1377.9204297523254,1249.2342943687684,128.68613538355703,26.81738471407747,0.02375296912114022,0.01207419229056769,-0.015665131460752442,0.012761020881670637,Sideways
2026-06-15 00:00:00+05:30,1315.300048828125,1325.0,1303.300048828125,1307.0,18633321,0.0,0.0,RELIANCE.NS,1312.4397705078125,1344.7356811523437,1309.0274115541918,46.527395662939064,-22.268977244441203,-21.872460565659946,-0.39651667878125707,1376.4021309294856,1248.4774100861393,127.92472084334622,27.187571520214792,0.010827532869296164,0.012377834416949073,-0.004144777253822235,0.014919663351185886,Sideways
2026-06-16 00:00:00+05:30,1313.4000244140625,1333.4000244140625,1306.4000244140625,1328.800048828125,18513223,0.0,0.0,RELIANCE.NS,1313.0491516113282,1345.3377758789063,1310.910519865995,52.630097861802945,-17.941366682675607,-21.086241789063077,3.1448751063874703,1377.3900227485938,1248.7082804740626,128.6817422745312,27.17417355448516,0.0166794558746175,0.012769757088906195,0.011995664592957452,-0.014524419114181897,Sideways
2026-06-17 00:00:00+05:30,1333.0,1334.0,1317.0,1332.699951171875,10029170,0.0,0.0,RELIANCE.NS,1312.0120422363282,1346.0198583984375,1312.9857037998884,53.649225973199556,-14.0352252671737,-19.676038484685204,5.6408132175115036,1374.35269846658,1249.6713860060763,124.6813124605037,26.447446872021935,0.002934905328449755,0.0110500841526832,0.01576807854620315,-0.014331789814460816,Sideways
2026-06-18 00:00:00+05:30,1330.0,1333.9000244140625,1322.0,1328.0999755859375,15494549,0.0,0.0,RELIANCE.NS,1311.247607421875,1345.7499169921875,1314.4251582557024,52.22208466711715,-11.181862093596692,-17.977203206467504,6.795341112870812,1372.3940359297778,1250.1011789139723,122.29285701580557,25.408345267881973,-0.003451621335989863,0.010958311715760586,0.012852163137362696,-0.00752955363589114,Sideways
2026-06-19 00:00:00+05:30,1328.0,1338.199951171875,1305.300048828125,1309.5,24887034,0.0,0.0,RELIANCE.NS,1309.3093017578126,1345.4623388671876,1313.9560955646832,46.80084350601648,-10.302651253990234,-16.44229281597205,6.139641561981815,1368.0493602784748,1250.5692432371504,117.48011704132432,25.943456487586833,-0.014004951380058195,0.011311022432814686,0.0001456479702171116,0.00656737349059755,Sideways
2026-06-22 00:00:00+05:30,1316.699951171875,1344.9000244140625,1314.0999755859375,1326.5,12931213,0.0,0.0,RELIANCE.NS,1307.5988708496093,1345.1126196289063,1315.1507531299515,51.732785803266445,-8.140276365364343,-14.78188952585051,6.641613160486166,1362.0912396295469,1253.1065020696717,108.98473755987516,26.61892562519224,0.012982054219167649,0.01152570441874924,0.014454837467173517,-0.019223520542781758,Sideways
2026-06-23 00:00:00+05:30,1328.9000244140625,1333.0,1304.0,1309.5,15400184,0.0,0.0,RELIANCE.NS,1305.5709716796875,1345.121669921875,1314.6125861651942,47.03671233533161,-7.7094666792288535,-13.36740495652618,5.657938277297326,1356.493818868329,1254.648124491046,101.84569437728305,26.78900236624994,-0.012815680361854542,0.01172864857998165,0.003009432964994272,-0.011912925227901883,Sideways
2026-06-24 00:00:00+05:30,1305.699951171875,1322.0,1297.5,1313.5999755859375,11030917,0.0,0.0,RELIANCE.NS,1304.0367431640625,1344.6353881835937,1314.5161470624078,48.25665810163625,-6.957016973216241,-12.085327359864193,5.128310386647952,1351.9623704654584,1256.1111158626666,95.85125460279187,26.625502197232088,0.0031309473737590743,0.011751916419162945,0.0073335605549512016,-0.004263075281681239,Sideways
2026-06-25 00:00:00+05:30,1318.0,1328.0,1314.5999755859375,1318.0999755859375,12694362,0.0,0.0,RELIANCE.NS,1302.7275146484376,1344.2550317382813,1314.8574640646489,49.628076741304994,-5.929234246588749,-10.854108737209105,4.924874490620356,1347.5112975530685,1257.9437317438067,89.56756580926185,25.752253784148543,0.00342570042907675,0.01179350381410131,0.011800212066334087,-0.011076531261938083,Sideways
2026-06-26 00:00:00+05:30,1318.0999755859375,1318.0999755859375,1318.0999755859375,1318.0999755859375,0,0.0,0.0,RELIANCE.NS,1302.8765441894532,1343.4426733398439,1315.1662746857241,49.628076741304994,-5.056421748557568,-9.694571339478797,4.638149590921229,1347.8437455042722,1257.9093428746341,89.93440262963804,23.912807085280793,0.0,0.010731651749088135,0.011684477293245881,-0.010697197365222344,Sideways
2026-06-29 00:00:00+05:30,1308.0,1313.699951171875,1292.5999755859375,1301.0,13757656,0.0,0.0,RELIANCE.NS,1302.2302978515625,1342.322158203125,1313.8171056680362,44.43747947123689,-5.679071869507425,-8.891471445484523,3.2123995759770985,1346.9144067596983,1257.5461889434266,89.36821781627168,24.026178007760738,-0.01297320074551711,0.011127133865285044,-0.0009447621158808982,0.015603419545061392,Sideways
2026-06-30 00:00:00+05:30,1306.9000244140625,1306.9000244140625,1290.0,1293.9000244140625,15695263,0.0,0.0,RELIANCE.NS,1301.4978088378907,1341.2587231445314,1311.9202407867053,42.45213673330372,-6.6685642119273325,-8.446889998773084,1.7783257868457518,1346.2238067146554,1256.771810961126,89.45199575352945,23.517167036782293,-0.005457321741689114,0.011154920371404397,-0.005837723561449779,0.011206429960897601,Sideways
2026-07-01 00:00:00+05:30,1298.9000244140625,1312.199951171875,1296.5,1308.0,7001401,0.0,0.0,RELIANCE.NS,1301.5399963378907,1340.302099609375,1311.546884521305,47.47127460630835,-6.24302808916832,-8.006117616852132,1.763089527683812,1346.2888496599196,1256.7911430158617,89.49770664405787,23.14450701685588,0.010897268196839782,0.011440293845297256,0.004963353934789307,-0.024541265738484364,Down
2026-07-02 00:00:00+05:30,1310.0,1313.199951171875,1299.0,1303.5,17795024,0.0,0.0,RELIANCE.NS,1301.8299987792968,1339.62775390625,1310.780514566895,46.08967436987478,-6.197459581716885,-7.644386009825083,1.4469264281081982,1346.550716589592,1257.1092809690017,89.44143562059025,22.505610170785815,-0.0034403669724770714,0.011343424137519176,0.001282810522317892,-0.018181780722573815,Sideways
2026-07-03 00:00:00+05:30,1312.0,1312.0,1302.0,1304.0,7839550,0.0,0.0,RELIANCE.NS,1302.479998779297,1339.2739721679689,1310.1347512748096,46.27676663076802,-6.051245399734171,-7.325757887806901,1.2745124880727303,1346.9292575786933,1258.0307399799005,88.89851759879275,21.61235230144397,0.0003835826620637306,0.011270814709758112,0.0011670054220622556,0.002914147874329087,Sideways
2026-07-06 00:00:00+05:30,1304.0,1325.5999755859375,1299.4000244140625,1321.300048828125,7610709,0.0,0.0,RELIANCE.NS,1305.3799987792968,1338.5096899414064,1311.198112946554,52.42844001759938,-4.487669192236353,-6.758140148692792,2.270470956456439,1346.6828046034598,1264.0771929551338,82.60561164832598,21.940037935046185,0.013266908610525263,0.010336358007122647,0.012195720835094433,-0.018466679416006326,Sideways
2026-07-07 00:00:00+05:30,1323.5,1328.0,1304.0999755859375,1308.4000244140625,14335554,0.0,0.0,RELIANCE.NS,1307.3400024414063,1337.0275341796876,1310.931628324412,48.01352261465554,-4.240565345407049,-6.254625188035644,2.014059842628595,1345.1630146630478,1269.516990219765,75.64602444328284,22.080036969261638,-0.009763130203093273,0.010660748676528942,0.0008108234817848528,-0.011770119326433903,Sideways
2026-07-08 00:00:00+05:30,1297.0,1302.300048828125,1271.5999755859375,1275.9000244140625,19960868,0.0,0.0,RELIANCE.NS,1308.195001220703,1334.1687377929688,1307.5952850948547,39.083934348815696,-6.591232527003285,-6.321946655829173,-0.2692858711741124,1342.1674192415637,1274.2225831998423,67.94483604172137,23.13146638775188,-0.024839498160781792,0.012025950833946805,-0.02468666886550204,0.015361686034090605,Sideways
2026-07-09 00:00:00+05:30,1277.0999755859375,1296.5,1274.199951171875,1279.800048828125,14651963,0.0,0.0,RELIANCE.NS,1309.0350036621094,1331.2804370117187,1304.9481197361185,40.513663383440466,-8.046696519132183,-6.666896628489775,-1.379799890642408,1339.1022583918864,1278.9677489323324,60.13450945955401,23.072079419207103,0.0030566849591946443,0.012022938249826302,-0.022333210916589484,0.013126993371500362,Sideways
2026-07-10 00:00:00+05:30,1291.9000244140625,1311.0999755859375,1287.800048828125,1307.800048828125,8412537,0.0,0.0,RELIANCE.NS,1309.7750061035156,1328.9521362304688,1305.2197320305954,49.65043915181551,-6.861698831835611,-6.7058570691589425,-0.15584176267666816,1338.9422848029722,1280.607727404059,58.33455739891315,23.65978280053606,0.02187841766816523,0.011839921651795954,-0.0015078599501344376,0.014833997262145404,Sideways
2026-07-13 00:00:00+05:30,1300.0,1306.4000244140625,1295.0,1296.9000244140625,9488352,0.0,0.0,RELIANCE.NS,1309.2700073242188,1325.7628100585937,1304.4273789242588,46.64677423819839,-6.724603459356331,-6.70960634719842,-0.014997112157910664,1338.957091225964,1279.5829234224736,59.37416780349031,22.884087516792412,-0.008334626095043873,0.011746739954339896,-0.009447999909076873,0.020201982171842436,Up
2026-07-14 00:00:00+05:30,1290.0,1308.0,1286.9000244140625,1293.0,13511284,0.0,0.0,RELIANCE.NS,1307.4800048828124,1322.4855297851564,1303.3390571219484,45.58418091833045,-6.851671956007522,-6.738019468960241,-0.11365248704728081,1336.5517203303993,1278.4082894352255,58.14343089517388,22.756650950302774,-0.0030071897144303694,0.011051329592630128,-0.01107474288611414,0.008275290929524282,Sideways
2026-07-15 00:00:00+05:30,1294.0999755859375,1310.9000244140625,1294.0999755859375,1295.5,9577965,0.0,0.0,RELIANCE.NS,1305.6200073242187,1319.7698828125,1302.5924802531913,46.42664553874728,-6.673715114854076,-6.725158598139008,0.05144348328493198,1332.6906785502408,1278.5493360981966,54.14134245204423,22.409749054857038,0.0019334880123742515,0.011033355120240156,-0.007751112320160431,-0.005326147753039412,Sideways
2026-07-16 00:00:00+05:30,1295.5,1309.4000244140625,1291.800048828125,1296.5999755859375,15631046,0.0,0.0,RELIANCE.NS,1304.0450073242187,1317.1100805664062,1302.0217655229765,46.81679296307557,-6.370489165615027,-6.654224711634212,0.2837355460191855,1329.3056712214668,1278.7843434269705,50.5213277944963,22.06619380707707,0.0008490741689983761,0.011032284904182356,-0.005709183115970579,-0.01881846743289972,Sideways
2026-07-17 00:00:00+05:30,1300.0,1330.300048828125,1296.0999755859375,1327.199951171875,18302218,0.0,0.0,RELIANCE.NS,1304.9300048828125,1315.0821850585937,1304.4196879657286,56.341856569081834,-3.619297116870257,-6.047239192681421,2.4279420758111643,1332.0638795363507,1277.7961302292742,54.26774930707643,22.93289948101353,0.023600166714571547,0.011895368968102544,0.017066008296025403,-0.037070488985802785,Down
2026-07-20 00:00:00+05:30,1317.199951171875,1345.9000244140625,1314.9000244140625,1323.0999755859375,14305844,0.0,0.0,RELIANCE.NS,1304.7600036621093,1313.9079638671874,1306.198762977177,54.922509489230464,-1.749622799303097,-5.187715914005757,3.43809311470266,1331.389088912135,1278.1309184120835,53.25817050005162,23.509120946655422,-0.0030891920861791933,0.011562948730526153,0.01405620334188116,-0.03257499537542552,Down
2026-07-21 00:00:00+05:30,1321.0,1326.9000244140625,1302.699951171875,1303.699951171875,12753410,0.0,0.0,RELIANCE.NS,1304.4700012207031,1312.8275146484375,1305.9607809004815,48.67420722153986,-1.8124198222819814,-4.512656695661002,2.700236873379021,1331.0124767041398,1277.9275257372665,53.08495096687329,23.55847468205057,-0.014662553678508772,0.011676950835821693,-0.0005903164105786441,-0.027613715845920095,Down
2026-07-22 00:00:00+05:30,1302.0,1304.5999755859375,1280.699951171875,1288.5999755859375,10840383,0.0,0.0,RELIANCE.NS,1303.2200012207031,1311.5485864257812,1304.307370870525,44.43668522739348,-3.045521869109052,-4.219229730350612,1.1737078612415601,1330.2746359648,1276.1653664766063,54.109269488193604,23.582871091479994,-0.011582400975289064,0.011919842748889194,-0.011218386474326134,-0.009855619596842113,Sideways
2026-07-23 00:00:00+05:30,1283.0,1287.300048828125,1268.0,1272.199951171875,12580741,0.0,0.0,RELIANCE.NS,1300.925,1309.88193359375,1301.2495213754153,40.32997581977403,-5.285184715247851,-4.432420727330061,-0.8527639879177906,1330.2345737312698,1271.61542626873,58.619147462539786,23.369807126798385,-0.01272700971968066,0.012156697109722584,-0.022080480295270637,0.016271084763931798,Sideways
2026-07-24 00:00:00+05:30,1265.0,1283.4000244140625,1249.800048828125,1278.0,9817000,0.0,0.0,RELIANCE.NS,1298.9200012207032,1308.836943359375,1299.0352812444235,42.35885757287435,-6.516994335304162,-4.849335448924881,-1.6676588863792805,1328.7375497385362,1269.10245270287,59.63509703566615,24.100533445308322,0.004559070154642297,0.012232768933604721,-0.01610568872682144,0.02331772208773475,Up
2026-07-27 00:00:00+05:30,1288.199951171875,1288.699951171875,1278.0,1280.0,7163132,0.0,0.0,RELIANCE.NS,1297.8700012207032,1307.8419067382813,1297.2223973163832,43.07758933236065,-7.248275441213536,-5.329123447382612,-1.9191519938309245,1328.7796147716238,1266.9603876697827,61.81922710184108,23.143348997205944,0.0015649452269170805,0.01194189178849976,-0.013768714281010966,0.02382812500000009,Up
2026-07-28 00:00:00+05:30,1275.0,1279.199951171875,1265.9000244140625,1267.699951171875,9312184,0.0,0.0,RELIANCE.NS,1296.5599975585938,1306.8636572265625,1294.4107357788112,39.79145299897644,-8.719815525395234,-6.007261862985136,-2.712553662410097,1330.1372817297265,1262.982713387461,67.15456834226552,22.497393753543914,-0.009609413146972612,0.012063583695683043,-0.02225893629377881,,
2026-07-29 00:00:00+05:30,1275.0,1282.4000244140625,1268.699951171875,1275.9000244140625,9448307,0.0,0.0,RELIANCE.NS,1294.9549987792968,1305.3128149414063,1292.6478108869305,42.91775419142499,-9.119223531854232,-6.629654196758956,-2.4895693350952754,1329.2525510954245,1260.6574464631692,68.59510463225524,21.940442288447027,0.006468465376690435,0.011873759214940733,-0.014714777257276665,,
2026-07-30 00:00:00+05:30,1279.800048828125,1297.0,1275.300048828125,1292.9000244140625,12158451,0.0,0.0,RELIANCE.NS,1294.425,1304.3030419921874,1292.671831222848,48.84773651650576,-7.97210190122405,-6.898143737651975,-1.0739581635720752,1328.504901332153,1260.345098667847,68.15980266430597,21.923264351549026,0.01332392795258941,0.012289839307943497,-0.0011781104242713596,,
2026-07-31 00:00:00+05:30,1295.0,1309.699951171875,1293.5999755859375,1307.800048828125,8624996,0.0,0.0,RELIANCE.NS,1294.6150024414062,1303.493720703125,1294.112613851922,53.41562375279271,-5.7939037826429285,-6.677295746650167,0.8833919640072381,1328.9477496709721,1260.2822552118403,68.66549445913188,21.55731166628213,0.011524498517056836,0.012573409567817601,0.010184530815612533,,
2026-08-03 00:00:00+05:30,1315.199951171875,1315.800048828125,1306.5999755859375,1310.5,6282689,0.0,0.0,RELIANCE.NS,1294.075,1302.4895483398439,1295.6733172945962,54.213510910246,-3.8059301913242507,-6.103022635584984,2.2970924442607332,1327.0237391433636,1261.1262608566365,65.89747828672716,20.674651778846798,0.0020644984485926887,0.012205778393815498,0.012692463728918304,,
